id,session,success,username,password,timestamp
1,765c459968ca,1,root,AAAAAAAAAAAAAAAAAAAAAAAAAAAAAAAAAA,2026-08-28 19:10:48
2,7e8e75d3f0fb,1,root,zlxx.,2026-08-28 19:31:37
3,8f16fb3f1ad8,1,root,anko,2026-08-28 19:31:47
4,7ed31c85f2d0,1,root,xc3511,2026-08-28 19:33:01
5,1ccf71ccb8ec,1,JAJJSADJA,goyo,2026-08-28 19:36:46
6,6cd925b59377,1,root,pass,2026-08-28 19:37:05
7,cc488fd079cf,1,root,888888,2026-08-28 19:37:42
8,67d7c59544bc,1,admin,smcadmin,2026-08-28 19:38:56
9,280786eb7e13,1,admin,admin,2026-08-28 19:39:31
10,53b72efe5f92,1,root,admin,2026-08-28 19:39:33
11,2020329c8e9d,1,guest,guest,2026-08-28 19:39:41
12,6c79f45c7cd1,1,root,7ujMko0admin,2026-08-28 19:40:21
13,a8044e1fab4b,1,support,support,2026-08-28 19:40:26
14,90b3dccfda19,1,root,vizxv,2026-08-28 19:42:31
15,381dd01cff0e,0,root,123456,2026-08-28 19:44:07
16,5660dae4318a,0,root,root,2026-08-28 19:45:00
17,53d63417b676,1,admin,,2026-08-28 19:45:53
18,2bb57aa7eb28,1,root,888888,2026-08-28 19:46:28
19,afcfce4d3da8,1,root,666666,2026-08-28 19:47:37
20,7c309a640e32,1,root,pass,2026-08-28 19:58:02
21,04cf493abe75,1,root,888888,2026-08-28 19:59:52
22,f58034d914b2,1,admin,123456,2026-08-28 20:08:37
23,d3f27a0b8a77,1,root,xc3511,2026-08-28 20:21:24
24,1e05c0de41cc,1,root,888888,2026-08-28 20:25:53
25,acf5d7fc3e2c,1,root,vizxv,2026-08-28 20:25:58
26,79c1f7068131,1,root,666666,2026-08-28 20:26:10
27,849c03927288,1,root,1111,2026-08-28 20:26:56
28,097400b65d7f,1,admin,1111,2026-08-28 20:27:12
29,afd6b72fd082,0,root,123456,2026-08-28 20:28:19
30,cdaf4a73646e,1,admin,admin,2026-08-28 20:30:03
31,88764bb58861,1,root,12345,2026-08-28 20:30:35
32,b2c78b548f44,1,admin,123456,2026-08-28 20:31:20
33,db7626d90c4a,1,root,888888,2026-08-28 20:31:53
34,1cfe2a9438fc,1,root,default,2026-08-28 20:32:16
35,76bc238d1ac4,1,root,888888,2026-08-28 20:32:19
36,39c0e0a96acf,1,root,anko,2026-08-28 20:32:21
37,cb86965d3b2b,1,root,password,2026-08-28 20:32:37
38,217009897008,1,root,Zte521,2026-08-28 20:59:25
39,7664d0d9e9bf,1,root,xc3511,2026-08-28 21:04:42
40,5413c93e403f,1,root,vizxv,2026-08-28 21:08:17
41,98ca524d79d8,1,root,1111,2026-08-28 21:08:31
42,69ae19f83910,1,root,juantech,2026-08-28 21:10:30
43,098f36152fcc,1,admin,admin,2026-08-28 21:10:40
44,94572aa93028,1,root,hi3518,2026-08-28 21:11:07
45,4cfd3c5711b1,1,root,xc3511,2026-08-28 21:12:14
46,2f982b87ac8e,1,root,666666,2026-08-28 21:13:30
47,015cdba82685,1,root,anko,2026-08-28 21:18:52
48,f5b3c7063940,1,root,,2026-08-28 21:20:28
49,3d0e9acad13f,1,root,666666,2026-08-28 21:22:04
50,c5754d7b40c7,1,root,admin,2026-08-28 21:23:33
51,ba4d2d26ceba,1,root,klv1234,2026-08-28 21:31:23
52,87fab8846395,1,root,anko,2026-08-28 21:31:32
53,a4fc0ce4a6f5,1,root,,2026-08-28 21:33:23
54,6b3b9b0dfda0,1,root,1111,2026-08-28 21:34:59
55,bc28fdd3ac7b,1,root,Zte521,2026-08-28 21:36:26
56,35bafd2a0658,1,user,user,2026-08-28 21:36:39
57,32bce5e1962e,1,root,klv123,2026-08-28 21:37:01
58,a93b488aff1d,1,root,vizxv,2026-08-28 21:38:41
59,99af8d5d6acd,1,admin,password,2026-08-28 21:39:00
60,50a06d846187,1,root,vizxv,2026-08-28 21:42:08
61,26bdf7c1bc4c,1,root,xc3511,2026-08-28 21:42:56
62,36594f5960d7,1,root,7ujMko0vizxv,2026-08-28 21:43:16
63,18b4967af943,1,root,xc3511,2026-08-28 21:43:42
64,996fb32cb7af,1,root,default,2026-08-28 21:48:12
65,8e57ac0e3739,1,user,user,2026-08-28 21:48:41
66,e8a7c69d2e1f,1,root,666666,2026-08-28 21:48:54
67,32381e5426dd,1,support,support,2026-08-28 21:49:23
68,b3b9191e7115,1,root,default,2026-08-28 21:49:32
69,a32d585fecaa,1,root,Zte521,2026-08-28 21:50:54
70,8e2966e30db9,1,root,admin,2026-08-28 21:51:18
71,12832113bea0,1,admin,smcadmin,2026-08-28 21:51:54
72,cbf09e9c4dc5,1,root,pass,2026-08-28 21:52:18
73,c160482fe727,1,root,54321,2026-08-28 21:53:53
74,f4fa380f0ba0,1,admin,admin1234,2026-08-28 21:54:44
75,1baa178a22eb,1,root,default,2026-08-28 21:55:01
76,588fb36d904c,1,root,vizxv,2026-08-28 21:56:15
77,10ea67117a9d,1,root,hi3518,2026-08-28 22:00:08
78,d0eab577ceb5,1,root,xc3511,2026-08-28 22:00:31
79,4b90086916c5,0,root,root,2026-08-28 22:01:44
80,08453c8c1186,1,root,xc3511,2026-08-28 22:02:26
81,e21506f28b53,0,root,root,2026-08-28 22:03:26
82,9c90f5b3a260,1,root,,2026-08-28 22:04:50
83,8fd4624a8d1e,1,admin,smcadmin,2026-08-28 22:05:05
84,f7cd872833ac,1,admin,admin,2026-08-28 22:06:28
85,96ea7566c005,1,root,pass,2026-08-28 22:06:38
86,734c707345a3,0,root,123456,2026-08-28 22:06:38
87,734c707345a3,1,enable\x00,linuxshell\x00,2026-08-28 22:06:43
88,c5470fc472ab,1,admin,smcadmin,2026-08-28 22:08:54
89,759bf7905f2d,1,root,1111,2026-08-28 22:09:18
90,68ed1fa6e4f2,1,root,54321,2026-08-28 22:10:47
91,43c255b9ddfb,1,root,hi3518,2026-08-28 22:11:07
92,ae2b661fc330,1,root,vizxv,2026-08-28 22:12:50
93,8bc144a13cec,1,admin,password,2026-08-28 22:17:08
94,0286d73ecfbc,1,admin,7ujMko0admin,2026-08-28 22:18:15
95,65711a6c4659,1,support,support,2026-08-28 22:18:47
96,520012f1d904,1,ubnt,ubnt,2026-08-28 22:19:20
97,79a05ac4208e,0,root,root,2026-08-28 22:20:46
98,3772871eac97,1,admin,1111,2026-08-28 22:22:38
99,942c3bf74843,1,root,888888,2026-08-28 22:23:59
100,76583d5a9c1f,1,root,xc3511,2026-08-28 22:24:06
101,7be33abe24b9,1,root,anko,2026-08-28 22:24:07
102,8a9ddd939404,1,root,xmhdipc,2026-08-28 22:25:25
103,c7acc357eb08,1,root,anko,2026-08-28 22:26:09
104,73bbe5dfab60,1,admin,admin1234,2026-08-28 22:26:10
105,8cff144c48e0,1,root,54321,2026-08-28 22:27:13
106,d4c87f895621,1,root,,2026-08-28 22:28:44
107,de71075112af,1,admin,4321,2026-08-28 22:28:48
108,430b175c3eea,1,root,default,2026-08-28 22:29:07
109,0102978cfbae,1,root,7ujMko0admin,2026-08-28 22:29:39
110,32270c97a802,1,root,12345,2026-08-28 22:32:40
111,22ffc1336df5,1,root,vizxv,2026-08-28 22:36:30
112,3a515faeb67a,1,admin,admin1234,2026-08-28 22:37:12
113,cfc3c18b48cb,1,root,xc3511,2026-08-28 22:38:03
114,a8e90686922c,0,root,123456,2026-08-28 22:39:19
115,a8e90686922c,1,enable\x00,linuxshell\x00,2026-08-28 22:39:20
116,5923b4739889,1,root,1001chin,2026-08-28 22:39:25
117,51634586f263,1,root,zlxx.,2026-08-28 22:39:48
118,fbee68986005,0,root,root,2026-08-28 22:40:32
119,72ae2b2cc7fd,1,root,,2026-08-28 22:42:30
120,526c2495ba2a,1,root,admin,2026-08-28 22:42:42
121,53b9b5d308fa,0,root,123456,2026-08-28 22:42:50
122,1ec35333b949,1,support,support,2026-08-28 22:43:25
123,c8f3587ba084,1,admin,admin1234,2026-08-28 22:44:12
124,7be69961f251,1,support,support,2026-08-28 22:45:20
125,ec989b7e4c52,1,admin,admin,2026-08-28 22:45:43
126,491ecd3bbe31,1,root,xc3511,2026-08-28 22:46:13
127,40f0e9922306,1,support,support,2026-08-28 22:48:09
128,c0d14e4a19db,0,root,root,2026-08-28 22:49:47
129,cf22c9dae2ed,1,root,admin,2026-08-28 22:50:04
130,ae3a4f67577c,1,root,admin,2026-08-28 22:54:44
131,8af4af17b6cd,1,root,admin,2026-08-28 22:54:54
132,0d9c9edcccba,1,root,vizxv,2026-08-28 22:55:09
133,6f48299a7b48,1,root,pass,2026-08-28 22:55:14
134,f4d98f78a4f2,0,root,123456,2026-08-28 22:55:15
135,1cec50be565a,1,admin,admin,2026-08-28 22:55:40
136,394dcd31ce31,1,admin,admin,2026-08-28 23:00:14
137,f1a87d5dd0e3,1,admin,admin,2026-08-28 23:00:47
138,4d82222d7691,1,admin,password,2026-08-28 23:01:19
139,d4485819b205,1,user,user,2026-08-28 23:03:45
140,b66664480488,1,root,admin,2026-08-28 23:04:13
141,2f7f6d35786a,1,root,1111,2026-08-28 23:07:48
142,00ec63f64b8a,1,root,888888,2026-08-28 23:13:26
143,4696c1ab3762,1,root,wabjtam,2026-08-28 23:19:00
144,9d41fd449e32,0,root,123456,2026-08-28 23:21:09
145,361e55efd35d,1,root,juantech,2026-08-28 23:21:16
146,dfd8fe78a053,1,support,support,2026-08-28 23:22:15
147,2674f5dc8750,1,root,klv1234,2026-08-28 23:23:26
148,6a3c7890ffbe,1,root,12345,2026-08-28 23:24:05
149,9848b85e98b4,1,root,admin,2026-08-28 23:24:26
150,9a0919681c60,0,root,root,2026-08-28 23:27:26
151,86913b857324,1,root,vizxv,2026-08-28 23:28:01
152,1d7b7cce8597,1,admin,password,2026-08-28 23:28:11
153,77b22ee525f2,1,admin,,2026-08-28 23:28:29
154,a30e1d9bb91d,1,root,vizxv,2026-08-28 23:29:28
155,88bad14f0c79,1,root,888888,2026-08-28 23:29:33
156,215a5e543ae9,1,root,vizxv,2026-08-28 23:29:59
157,4dff3f6a1f61,1,bin,bin,2026-08-28 23:30:51
158,cf01901bd3e5,1,root,888888,2026-08-28 23:32:25
159,4b87c573ef7e,1,admin,admin1234,2026-08-28 23:33:25
160,5cc3d6d84710,1,root,klv1234,2026-08-28 23:33:41
161,f0ca199deee2,1,user,user,2026-08-28 23:36:30
162,8fcc752ece46,1,root,anko,2026-08-28 23:37:03
163,fda76f1f159e,1,root,vizxv,2026-08-28 23:37:15
164,2c65e616fad1,1,root,pass,2026-08-28 23:38:16
165,2b059849462f,1,root,vizxv,2026-08-28 23:39:55
166,06cc62ad549f,1,root,admin,2026-08-28 23:40:15
167,04fc6730b8d4,1,root,xc3511,2026-08-28 23:43:21
168,329a3ce12c8e,1,root,admin,2026-08-28 23:44:16
169,8c8acc4120eb,1,support,support,2026-08-28 23:44:57
170,31f6ea2a6d2e,1,root,54321,2026-08-28 23:53:19
171,88b4b63b966e,1,root,xc3511,2026-08-28 23:55:22
172,46535e0f4e3d,1,root,klv123,2026-08-28 23:57:24
173,0d16ccaf1202,0,root,123456,2026-08-28 23:59:21
174,0d16ccaf1202,1,enable\x00,linuxshell\x00,2026-08-28 23:59:23
175,6e701850352b,1,root,default,2026-08-28 23:59:58
176,8a84e0b3aad9,1,root,xc3511,2026-08-29 00:00:03
177,e074e51cc301,1,root,888888,2026-08-29 00:01:03
178,c3b7735bfeb5,1,root,1111,2026-08-29 00:02:38
179,54a44c931a03,1,root,vizxv,2026-08-29 00:04:35
180,591a830c7124,1,root,666666,2026-08-29 00:04:58
181,888a534203ae,1,admin,1111,2026-08-29 00:05:13
182,b83fa975349f,0,root,root,2026-08-29 00:06:06
183,28dff8062ba4,1,root,Zte521,2026-08-29 00:06:16
184,35b13131425f,1,root,xmhdipc,2026-08-29 00:06:24
185,4f7822fd8ddc,1,root,,2026-08-29 00:12:37
186,134754c3250b,1,root,1111,2026-08-29 00:12:50
187,615545e7130b,1,ubnt,ubnt,2026-08-29 00:13:53
188,2be00031aa95,1,root,xc3511,2026-08-29 00:14:02
189,bf105084ba0e,1,user,user,2026-08-29 00:17:03
190,11688c33a1df,1,root,xc3511,2026-08-29 00:17:14
191,2aff3f1e3ff4,1,root,default,2026-08-29 00:17:14
192,c59e4bbcbb30,1,user,user,2026-08-29 00:17:20
193,7b3b227d7929,1,support,support,2026-08-29 00:17:21
194,a0838767dceb,1,root,xmhdipc,2026-08-29 00:18:19
195,21cd0798fcf6,1,user,user,2026-08-29 00:19:07
196,06c0a7f5b903,1,root,default,2026-08-29 00:19:19
197,a65fead01dc7,1,root,password,2026-08-29 00:21:05
198,edaba2b7c15a,1,root,vizxv,2026-08-29 00:21:21
199,4015471af033,1,admin,4321,2026-08-29 00:21:40
200,5a6b07c53d44,1,root,1234,2026-08-29 00:24:01
201,03016d259d95,1,root,nnonEamMAP,2026-08-29 00:24:56
202,d9eac3c102e3,1,root,vizxv,2026-08-29 00:25:19
203,48ff8c1d154e,1,admin,,2026-08-29 00:25:28
204,cc8c968be4bc,0,root,root,2026-08-29 00:25:55
205,38c6f7c562e0,0,root,123456,2026-08-29 00:26:34
206,38c6f7c562e0,1,enable\x00,linuxshell\x00,2026-08-29 00:27:43
207,cc8c968be4bc,1,enable\x00,linuxshell\x00,2026-08-29 00:27:49
208,84d3449784fb,1,root,1111,2026-08-29 00:28:14
209,91152d9e61cf,1,root,1111,2026-08-29 00:28:38
210,f008d9f7dab4,1,root,xc3511,2026-08-29 00:34:08
211,5adba329b4e2,1,root,54321,2026-08-29 00:35:25
212,a379fdf202e2,1,root,xmhdipc,2026-08-29 00:39:47
213,f1a940898f81,1,root,xc3511,2026-08-29 00:40:28
214,411a002a2f3d,1,root,vizxv,2026-08-29 00:40:42
215,b9dda2b64bb8,1,user,user,2026-08-29 00:42:48
216,5aff639f9c47,0,root,root,2026-08-29 00:43:00
217,34cde0ad1b7d,1,root,12345,2026-08-29 00:43:11
218,100b05dbb2a0,1,admin,smcadmin,2026-08-29 00:43:21
219,79eac9291902,1,root,xmhdipc,2026-08-29 00:43:55
220,9a5928514131,1,root,888888,2026-08-29 00:43:59
221,284cb738db43,1,root,juantech,2026-08-29 00:45:21
222,f982bab318ba,1,root,juantech,2026-08-29 00:45:49
223,93a2b10a3889,1,root,default,2026-08-29 00:47:52
224,1b90e4356969,1,admin,password,2026-08-29 00:49:15
225,267e29da621d,0,root,123456,2026-08-29 00:50:01
226,d029aba51ac8,1,root,juantech,2026-08-29 00:51:29
227,f132ce91a22b,1,root,anko,2026-08-29 00:51:56
228,8946a264f1b7,1,root,admin,2026-08-29 00:52:50
229,b6b87f5b4245,1,root,666666,2026-08-29 00:52:59
230,e7439fd42c28,1,admin,admin1234,2026-08-29 00:56:03
231,c339cfb0f00c,1,root,xc3511,2026-08-29 00:56:13
232,a12fb351c26c,1,root,admin,2026-08-29 00:56:23
233,215f627d6b02,1,admin,7ujMko0admin,2026-08-29 00:56:50
234,643acfba7128,0,root,123456,2026-08-29 00:57:01
235,643acfba7128,1,enable\x00,linuxshell\x00,2026-08-29 00:57:02
236,aa202e1c65c0,1,root,7ujMko0admin,2026-08-29 00:57:12
237,aeaf7a9d18e4,1,root,xmhdipc,2026-08-29 00:58:21
238,4b8711cd7241,1,root,juantech,2026-08-29 01:03:10
239,42e327197cba,1,root,Pon521,2026-08-29 01:06:53
240,489871f16d24,1,root,12345,2026-08-29 01:07:31
241,8c0020f2d2c4,1,root,default,2026-08-29 01:08:48
242,9635274a3ec3,1,root,1234,2026-08-29 01:10:30
243,d88167dd4c4b,1,root,anko,2026-08-29 01:10:42
244,845febd37eb5,0,root,123456,2026-08-29 01:14:28
245,cf05999ddbd5,1,root,1111,2026-08-29 01:14:28
246,845febd37eb5,1,enable\x00,linuxshell\x00,2026-08-29 01:15:52
247,dbf6b5a47249,1,root,666666,2026-08-29 01:16:27
248,c184e964fde9,1,root,1111,2026-08-29 01:18:11
249,3c7559154420,1,root,12345,2026-08-29 01:19:33
250,57d804533a4f,1,admin,password,2026-08-29 01:19:52
251,2b32505f5339,1,root,hi3518,2026-08-29 01:23:12
252,65e1b588e34c,1,root,54321,2026-08-29 01:25:30
253,ebf1d42ab5d9,1,admin,password,2026-08-29 01:26:01
254,429d98a99437,1,root,54321,2026-08-29 01:26:04
255,b1afee0b3a5c,1,admin,smcadmin,2026-08-29 01:26:15
256,8c8f1ced7d23,1,root,pass,2026-08-29 01:26:20
257,d426e9e7a7e1,1,root,admin,2026-08-29 01:26:53
258,ae73da546d30,1,root,vizxv,2026-08-29 01:27:15
259,1a92b67b1395,1,admin,admin,2026-08-29 01:28:23
260,69ec26f43f15,1,root,1111,2026-08-29 01:28:42
261,ac043c620640,1,admin,admin,2026-08-29 01:28:54
262,92c0f56349ea,1,root,888888,2026-08-29 01:29:05
263,dd96cb8918a3,1,support,support,2026-08-29 01:30:30
264,0ee30f0e7cdd,1,root,admin,2026-08-29 01:31:14
265,b2f4a14a83ab,1,root,admin,2026-08-29 01:32:47
266,937b46eead42,1,admin,,2026-08-29 01:33:01
267,6b91bb12c5f8,1,admin,admin1234,2026-08-29 01:33:21
268,dc8237d3d7c7,1,root,vizxv,2026-08-29 01:33:29
269,61743977fb86,1,root,xc3511,2026-08-29 01:36:57
270,48b42a3f62a0,1,root,vizxv,2026-08-29 01:36:57
271,7aec7404c3ae,1,root,,2026-08-29 01:39:17
272,bdfb1cd7e538,1,root,admin,2026-08-29 01:40:19
273,1dc36595149b,0,root,root,2026-08-29 01:40:20
274,7c46dcbbf2aa,1,root,7ujMko0admin,2026-08-29 01:41:25
275,b7ee489a38d7,1,root,vizxv,2026-08-29 01:42:13
276,0304cda0d4a7,1,root,default,2026-08-29 01:43:05
277,6a041bf2dcc2,1,admin,admin,2026-08-29 01:45:18
278,2fa57d8617d3,1,admin,admin1234,2026-08-29 01:46:04
279,299f3595d45c,1,guest,12345,2026-08-29 01:46:53
280,78b56d5aa970,1,root,54321,2026-08-29 01:49:09
281,d0110a2488f6,1,root,888888,2026-08-29 01:49:48
282,1c5121848707,1,root,54321,2026-08-29 01:50:32
283,98b912a4f2bd,1,root,54321,2026-08-29 01:50:45
284,2bd446814d0b,1,admin,smcadmin,2026-08-29 01:56:35
285,b147cae972bf,0,root,123456,2026-08-29 02:00:49
286,b147cae972bf,1,enable\x00,linuxshell\x00,2026-08-29 02:00:51
287,5709b41d2d0f,1,support,support,2026-08-29 02:02:21
288,facfa30df51d,1,admin,admin,2026-08-29 02:02:29
289,d86805838ae3,1,root,Zte521,2026-08-29 02:03:14
290,ff7ec486dfcd,1,admin,password,2026-08-29 02:03:44
291,0945ebda74ee,1,guest,guest,2026-08-29 02:04:10
292,f3b6cdad4bac,1,root,xc3511,2026-08-29 02:04:38
293,4d6cf95be346,1,support,support,2026-08-29 02:04:47
294,a62197a8da52,1,admin,admin1234,2026-08-29 02:05:56
295,66a2aae5e584,1,user,user,2026-08-29 02:06:15
296,7dc35700cdbd,1,root,,2026-08-29 02:07:31
297,358133d8bca1,1,root,1234,2026-08-29 02:09:11
298,5fc23e75e3c0,1,admin,admin,2026-08-29 02:09:14
299,8a96ab9c7adf,1,admin,admin,2026-08-29 02:10:52
300,3d4ec432cbb1,1,admin,admin,2026-08-29 02:10:59
301,a7d5840f05d5,1,root,12345,2026-08-29 02:11:46
302,ea9422926fe8,1,admin,admin,2026-08-29 02:11:55
303,44cfa1eceef3,0,root,123456,2026-08-29 02:12:38
304,44cfa1eceef3,1,enable\x00,linuxshell\x00,2026-08-29 02:13:36
305,3e792d27a6fe,1,root,12345,2026-08-29 02:14:43
306,8ecdb3b8b844,1,root,klv1234,2026-08-29 02:15:46
307,d654a90e8e7a,1,support,support,2026-08-29 02:17:46
308,583d3321183a,1,admin,smcadmin,2026-08-29 02:17:52
309,18f191e79dc6,1,root,12345,2026-08-29 02:18:57
310,d6129a67a624,0,root,root,2026-08-29 02:19:09
311,229b0f746872,1,root,,2026-08-29 02:19:43
312,016b1065166a,1,admin,smcadmin,2026-08-29 02:20:04
313,e0034b9a2f6e,1,ubnt,ubnt,2026-08-29 02:22:36
314,45068f8d9f22,1,admin,admin,2026-08-29 02:26:43
315,d69a0c53d063,1,root,admin,2026-08-29 02:26:50
316,a905de8af42b,1,root,xmhdipc,2026-08-29 02:27:08
317,f4c7dd949200,1,root,xc3511,2026-08-29 02:28:15
318,dd351f665845,1,admin,admin,2026-08-29 02:28:17
319,a26b9d303be6,1,admin,admin1234,2026-08-29 02:29:43
320,d5fc437e0d65,1,root,anko,2026-08-29 02:30:54
321,e5f8703f4051,1,admin,smcadmin,2026-08-29 02:31:37
322,f6a559ed30e0,1,root,xc3511,2026-08-29 02:35:15
323,d74a765f1a37,1,root,admin,2026-08-29 02:35:24
324,42364aa9f3a3,1,root,xc3511,2026-08-29 02:35:25
325,04b6023e3676,0,root,123456,2026-08-29 02:36:42
326,583218a76417,1,admin,smcadmin,2026-08-29 02:38:47
327,0fd547cf51d9,1,root,1234,2026-08-29 02:38:50
328,118921bbb535,1,root,zlxx.,2026-08-29 02:38:59
329,6bb7c29c58fb,1,root,7ujMko0admin,2026-08-29 02:39:15
330,85311ca32cbc,1,admin,1111,2026-08-29 02:39:25
331,85b36a566bf0,1,ubnt,ubnt,2026-08-29 02:39:51
332,782cd63aee8a,1,Admin,,2026-08-29 02:41:28
333,49b727d65c0a,1,admin,admin,2026-08-29 02:42:52
334,e81254b46d79,1,root,zlxx.,2026-08-29 02:44:26
335,d8eaa1e1a61f,0,root,123456,2026-08-29 02:44:29
336,883f2adc487f,1,admin,admin,2026-08-29 02:44:51
337,9331febb0c9b,1,admin,admin,2026-08-29 02:44:58
338,0988a79e9871,1,root,7ujMko0admin,2026-08-29 02:45:03
339,3f4c2b1eaeec,1,ubnt,ubnt,2026-08-29 02:45:10
340,0cf543626fed,1,admin,admin,2026-08-29 02:45:51
341,ed166c65a320,1,root,default,2026-08-29 02:46:49
342,fff41e1ab776,1,root,admin,2026-08-29 02:48:44
343,009b2eb0f210,1,root,pass,2026-08-29 02:51:15
344,d3ec14de8b43,1,root,888888,2026-08-29 02:51:40
345,1fa4c43023e6,0,root,123456,2026-08-29 02:52:18
346,5d4f6ba902bf,1,root,anko,2026-08-29 02:53:06
347,78561fab5e27,1,root,password,2026-08-29 02:53:20
